This is LuaHBTeX, Version 1.24.0 (TeX Live 2026)  (format=lualatex 2026.7.7)  9 JUL 2026 01:10
 restricted system commands enabled.
**2.1_activity_nhapkho.tex
(./2.1_activity_nhapkho.tex
LaTeX2e <2026-06-01>
L3 programming layer <2026-06-18>
Lua module: luaotfload 2024-12-03 v3.29 Lua based OpenType font support
Lua module: lualibs 2023-07-13 v2.76 ConTeXt Lua standard libraries.
Lua module: lualibs-extended 2023-07-13 v2.76 ConTeXt Lua libraries -- extended collection.
luaotfload | conf : Root cache directory is "C:/Users/GHC/AppData/Roaming/TinyTeX/texmf-var/luatex-cache/generic/names".
luaotfload | init : Loading fontloader "fontloader-2023-12-28.lua" from kpse-resolved path "c:/Users/GHC/AppData/Roaming/TinyTeX/texmf-dist/tex/luatex/luaotfload/fontloader-2023-12-28.lua".
Lua-only attribute luaotfload@noligature = 1
luaotfload | init : Context OpenType loader version 3.134
Inserting `luaotfload.node_processor' in `pre_linebreak_filter'.
Inserting `luaotfload.node_processor' in `hpack_filter'.
Inserting `luaotfload.glyph_stream' in `glyph_stream_provider'.
Inserting `luaotfload.define_font' in `define_font'.
Lua-only attribute luaotfload_color_attribute = 2
luaotfload | conf : Root cache directory is "C:/Users/GHC/AppData/Roaming/TinyTeX/texmf-var/luatex-cache/generic/names".
Inserting `luaotfload.harf.strip_prefix' in `find_opentype_file'.
Inserting `luaotfload.harf.strip_prefix' in `find_truetype_file'.
Removing  `luaotfload.glyph_stream' from `glyph_stream_provider'.
Inserting `luaotfload.harf.glyphstream' in `glyph_stream_provider'.
Inserting `luaotfload.harf.finalize_vlist' in `post_linebreak_filter'.
Inserting `luaotfload.harf.finalize_hlist' in `hpack_filter'.
Inserting `luaotfload.cleanup_files' in `wrapup_run'.
Inserting `luaotfload.harf.finalize_unicode' in `finish_pdffile'.
Inserting `luaotfload.glyphinfo' in `glyph_info'.
Lua-only attribute luaotfload.letterspace_done = 3
Inserting `luaotfload.aux.set_sscale_dimens' in `luaotfload.patch_font'.
Inserting `luaotfload.aux.set_font_index' in `luaotfload.patch_font'.
Inserting `luaotfload.aux.patch_cambria_domh' in `luaotfload.patch_font'.
Inserting `luaotfload.aux.fixup_fontdata' in `luaotfload.patch_font_unsafe'.
Inserting `luaotfload.aux.set_capheight' in `luaotfload.patch_font'.
Inserting `luaotfload.aux.set_xheight' in `luaotfload.patch_font'.
Inserting `luaotfload.rewrite_fontname' in `luaotfload.patch_font'.
Inserting `tracingstacklevels' in `input_level_string'.

! LaTeX Error: Environment figure undefined.

See the LaTeX manual or LaTeX Companion for explanation.
Type  H <return>  for immediate help.
 ...                                              
                                                  
l.1 \begin{figure}
                  [H]
Your command was ignored.
Type  I <command> <return>  to replace it with another command,
or  <return>  to continue without it.


! LaTeX Error: Missing \begin{document}.

See the LaTeX manual or LaTeX Companion for explanation.
Type  H <return>  for immediate help.
 ...                                              
                                                  
l.1 \begin{figure}[
                   H]
You're in trouble here.  Try typing  <return>  to proceed.
If that doesn't work, type  X <return>  to quit.


! LaTeX Error: Environment tikzpicture undefined.

See the LaTeX manual or LaTeX Companion for explanation.
Type  H <return>  for immediate help.
 ...                                              
                                                  
l.44 }
      
Your command was ignored.
Type  I <command> <return>  to replace it with another command,
or  <return>  to continue without it.

! Undefined control sequence.
<argument> ...cm, minimum height=1cm, font=\small 
                                                  \bfseries , align=center},...
l.44 }
      
The control sequence at the end of the top line
of your error message was never \def'ed. If you have
misspelled it (e.g., `\hobx'), type `I' and the correct
spelling (e.g., `I\hbox'). Otherwise just continue,
and I'll forget about whatever was undefined.

luaotfload | db : Font names database loaded from C:/Users/GHC/AppData/Roaming/TinyTeX/texmf-var/luatex-cache/generic/names/luaotfload-names.luc.gz
! Undefined control sequence.
<argument> ...cm, minimum height=1cm, font=\small 
                                                  , align=center, rounded co...
l.44 }
      
The control sequence at the end of the top line
of your error message was never \def'ed. If you have
misspelled it (e.g., `\hobx'), type `I' and the correct
spelling (e.g., `I\hbox'). Otherwise just continue,
and I'll forget about whatever was undefined.

! Undefined control sequence.
<argument> ..., minimum height=1.2cm, font=\small 
                                                  , align=center}, arrow/.st...
l.44 }
      
The control sequence at the end of the top line
of your error message was never \def'ed. If you have
misspelled it (e.g., `\hobx'), type `I' and the correct
spelling (e.g., `I\hbox'). Otherwise just continue,
and I'll forget about whatever was undefined.

! Undefined control sequence.
<argument> ...8]}, line width=0.6pt} ] \par \node 
                                                  [startstop] (start) {Bắt...
l.44 }
      
The control sequence at the end of the top line
of your error message was never \def'ed. If you have
misspelled it (e.g., `\hobx'), type `I' and the correct
spelling (e.g., `I\hbox'). Otherwise just continue,
and I'll forget about whatever was undefined.

! Undefined control sequence.
<argument> ...stop] (start) {Bắt đầu}; \node 
                                                  [process, below=of start] ...
l.44 }
      
The control sequence at the end of the top line
of your error message was never \def'ed. If you have
misspelled it (e.g., `\hobx'), type `I' and the correct
spelling (e.g., `I\hbox'). Otherwise just continue,
and I'll forget about whatever was undefined.

! Undefined control sequence.
<argument> ...ho lập phiếu nhập kho}; \node 
                                                  [process, below=of step1] ...
l.44 }
      
The control sequence at the end of the top line
of your error message was never \def'ed. If you have
misspelled it (e.g., `\hobx'), type `I' and the correct
spelling (e.g., `I\hbox'). Otherwise just continue,
and I'll forget about whatever was undefined.

! Undefined control sequence.
<argument> ...ng cấp, kho, ngày nhập}; \node 
                                                  [process, below=of step2] ...
l.44 }
      
The control sequence at the end of the top line
of your error message was never \def'ed. If you have
misspelled it (e.g., `\hobx'), type `I' and the correct
spelling (e.g., `I\hbox'). Otherwise just continue,
and I'll forget about whatever was undefined.

! Undefined control sequence.
<argument> ...hi tiết hàng hóa nhập}; \node 
                                                  [decision, below=of step3]...
l.44 }
      
The control sequence at the end of the top line
of your error message was never \def'ed. If you have
misspelled it (e.g., `\hobx'), type `I' and the correct
spelling (e.g., `I\hbox'). Otherwise just continue,
and I'll forget about whatever was undefined.


! LaTeX Error: Not allowed in LR mode.

See the LaTeX manual or LaTeX Companion for explanation.
Type  H <return>  for immediate help.
 ...                                              
                                                  
l.44 }
      
You've lost some text.  Try typing  <return>  to proceed.
If that doesn't work, type  X <return>  to quit.

! Missing } inserted.
<inserted text> 
                }
l.44 }
      
I've inserted something that you may have forgotten.
(See the <inserted text> above.)
With luck, this will get me unwedged. But if you
really didn't forget anything, try typing `2' now; then
my insertion and my current dilemma will both disappear.

! Missing \endgroup inserted.
<inserted text> 
                \endgroup 
l.44 }
      
I've inserted something that you may have forgotten.
(See the <inserted text> above.)
With luck, this will get me unwedged. But if you
really didn't forget anything, try typing `2' now; then
my insertion and my current dilemma will both disappear.

! Missing \endgroup inserted.
<inserted text> 
                \endgroup 
l.44 }
      
I've inserted something that you may have forgotten.
(See the <inserted text> above.)
With luck, this will get me unwedged. But if you
really didn't forget anything, try typing `2' now; then
my insertion and my current dilemma will both disappear.

! Missing } inserted.
<inserted text> 
                }
l.44 }
      
I've inserted something that you may have forgotten.
(See the <inserted text> above.)
With luck, this will get me unwedged. But if you
really didn't forget anything, try typing `2' now; then
my insertion and my current dilemma will both disappear.

Missing character: There is no [ (U+005B) in font nullfont!
Missing character: There is no s (U+0073) in font nullfont!
Missing character: There is no c (U+0063) in font nullfont!
Missing character: There is no a (U+0061) in font nullfont!
Missing character: There is no l (U+006C) in font nullfont!
Missing character: There is no e (U+0065) in font nullfont!
Missing character: There is no = (U+003D) in font nullfont!
Missing character: There is no 0 (U+0030) in font nullfont!
Missing character: There is no . (U+002E) in font nullfont!
Missing character: There is no 8 (U+0038) in font nullfont!
Missing character: There is no 5 (U+0035) in font nullfont!
Missing character: There is no , (U+002C) in font nullfont!
Missing character: There is no t (U+0074) in font nullfont!
Missing character: There is no r (U+0072) in font nullfont!
Missing character: There is no a (U+0061) in font nullfont!
Missing character: There is no n (U+006E) in font nullfont!
Missing character: There is no s (U+0073) in font nullfont!
Missing character: There is no f (U+0066) in font nullfont!
Missing character: There is no o (U+006F) in font nullfont!
Missing character: There is no r (U+0072) in font nullfont!
Missing character: There is no m (U+006D) in font nullfont!
Missing character: There is no s (U+0073) in font nullfont!
Missing character: There is no h (U+0068) in font nullfont!
Missing character: There is no a (U+0061) in font nullfont!
Missing character: There is no p (U+0070) in font nullfont!
Missing character: There is no e (U+0065) in font nullfont!
Missing character: There is no , (U+002C) in font nullfont!
Missing character: There is no n (U+006E) in font nullfont!
Missing character: There is no o (U+006F) in font nullfont!
Missing character: There is no d (U+0064) in font nullfont!
Missing character: There is no e (U+0065) in font nullfont!
Missing character: There is no d (U+0064) in font nullfont!
Missing character: There is no i (U+0069) in font nullfont!
Missing character: There is no s (U+0073) in font nullfont!
Missing character: There is no t (U+0074) in font nullfont!
Missing character: There is no a (U+0061) in font nullfont!
Missing character: There is no n (U+006E) in font nullfont!
Missing character: There is no c (U+0063) in font nullfont!
Missing character: There is no e (U+0065) in font nullfont!
Missing character: There is no = (U+003D) in font nullfont!
Missing character: There is no 0 (U+0030) in font nullfont!
Missing character: There is no . (U+002E) in font nullfont!
Missing character: There is no 8 (U+0038) in font nullfont!
Missing character: There is no c (U+0063) in font nullfont!
Missing character: There is no m (U+006D) in font nullfont!
Missing character: There is no a (U+0061) in font nullfont!
Missing character: There is no n (U+006E) in font nullfont!
Missing character: There is no d (U+0064) in font nullfont!
Missing character: There is no 2 (U+0032) in font nullfont!
Missing character: There is no . (U+002E) in font nullfont!
Missing character: There is no 2 (U+0032) in font nullfont!
Missing character: There is no c (U+0063) in font nullfont!
Missing character: There is no m (U+006D) in font nullfont!
Missing character: There is no , (U+002C) in font nullfont!
Missing character: There is no s (U+0073) in font nullfont!
Missing character: There is no t (U+0074) in font nullfont!
Missing character: There is no a (U+0061) in font nullfont!
Missing character: There is no r (U+0072) in font nullfont!
Missing character: There is no t (U+0074) in font nullfont!
Missing character: There is no s (U+0073) in font nullfont!
Missing character: There is no t (U+0074) in font nullfont!
Missing character: There is no o (U+006F) in font nullfont!
Missing character: There is no p (U+0070) in font nullfont!
Missing character: There is no / (U+002F) in font nullfont!
Missing character: There is no . (U+002E) in font nullfont!
Missing character: There is no s (U+0073) in font nullfont!
Missing character: There is no t (U+0074) in font nullfont!
Missing character: There is no y (U+0079) in font nullfont!
Missing character: There is no l (U+006C) in font nullfont!
Missing character: There is no e (U+0065) in font nullfont!
Missing character: There is no = (U+003D) in font nullfont!
Missing character: There is no r (U+0072) in font nullfont!
Missing character: There is no e (U+0065) in font nullfont!
Missing character: There is no c (U+0063) in font nullfont!
Missing character: There is no t (U+0074) in font nullfont!
Missing character: There is no a (U+0061) in font nullfont!
Missing character: There is no n (U+006E) in font nullfont!
Missing character: There is no g (U+0067) in font nullfont!
Missing character: There is no l (U+006C) in font nullfont!
Missing character: There is no e (U+0065) in font nullfont!
Missing character: There is no , (U+002C) in font nullfont!
Missing character: There is no r (U+0072) in font nullfont!
Missing character: There is no o (U+006F) in font nullfont!
Missing character: There is no u (U+0075) in font nullfont!
Missing character: There is no n (U+006E) in font nullfont!
Missing character: There is no d (U+0064) in font nullfont!
Missing character: There is no e (U+0065) in font nullfont!
Missing character: There is no d (U+0064) in font nullfont!
Missing character: There is no c (U+0063) in font nullfont!
Missing character: There is no o (U+006F) in font nullfont!
Missing character: There is no r (U+0072) in font nullfont!
Missing character: There is no n (U+006E) in font nullfont!
Missing character: There is no e (U+0065) in font nullfont!
Missing character: There is no r (U+0072) in font nullfont!
Missing character: There is no s (U+0073) in font nullfont!
Missing character: There is no = (U+003D) in font nullfont!
Missing character: There is no 5 (U+0035) in font nullfont!
Missing character: There is no p (U+0070) in font nullfont!
Missing character: There is no t (U+0074) in font nullfont!
Missing character: There is no , (U+002C) in font nullfont!
Missing character: There is no d (U+0064) in font nullfont!
Missing character: There is no r (U+0072) in font nullfont!
Missing character: There is no a (U+0061) in font nullfont!
Missing character: There is no w (U+0077) in font nullfont!
Missing character: There is no = (U+003D) in font nullfont!
Missing character: There is no b (U+0062) in font nullfont!
Missing character: There is no l (U+006C) in font nullfont!
Missing character: There is no a (U+0061) in font nullfont!
Missing character: There is no c (U+0063) in font nullfont!
Missing character: There is no k (U+006B) in font nullfont!
Missing character: There is no , (U+002C) in font nullfont!
Missing character: There is no f (U+0066) in font nullfont!
Missing character: There is no i (U+0069) in font nullfont!
Missing character: There is no l (U+006C) in font nullfont!
Missing character: There is no l (U+006C) in font nullfont!
Missing character: There is no = (U+003D) in font nullfont!
Missing character: There is no g (U+0067) in font nullfont!
Missing character: There is no r (U+0072) in font nullfont!
Missing character: There is no a (U+0061) in font nullfont!
Missing character: There is no y (U+0079) in font nullfont!
Missing character: There is no ! (U+0021) in font nullfont!
Missing character: There is no 2 (U+0032) in font nullfont!
Missing character: There is no 0 (U+0030) in font nullfont!
Missing character: There is no , (U+002C) in font nullfont!
Missing character: There is no l (U+006C) in font nullfont!
Missing character: There is no i (U+0069) in font nullfont!
Missing character: There is no n (U+006E) in font nullfont!
Missing character: There is no e (U+0065) in font nullfont!
Missing character: There is no w (U+0077) in font nullfont!
Missing character: There is no i (U+0069) in font nullfont!
Missing character: There is no d (U+0064) in font nullfont!
Missing character: There is no t (U+0074) in font nullfont!
Missing character: There is no h (U+0068) in font nullfont!
Missing character: There is no = (U+003D) in font nullfont!
Missing character: There is no 0 (U+0030) in font nullfont!
Missing character: There is no . (U+002E) in font nullfont!
Missing character: There is no 8 (U+0038) in font nullfont!
Missing character: There is no p (U+0070) in font nullfont!
Missing character: There is no t (U+0074) in font nullfont!
Missing character: There is no , (U+002C) in font nullfont!
Missing character: There is no m (U+006D) in font nullfont!
Missing character: There is no i (U+0069) in font nullfont!
Missing character: There is no n (U+006E) in font nullfont!
Missing character: There is no i (U+0069) in font nullfont!
Missing character: There is no m (U+006D) in font nullfont!
Missing character: There is no u (U+0075) in font nullfont!
Missing character: There is no m (U+006D) in font nullfont!
Missing character: There is no w (U+0077) in font nullfont!
Missing character: There is no i (U+0069) in font nullfont!
Missing character: There is no d (U+0064) in font nullfont!
Missing character: There is no t (U+0074) in font nullfont!
Missing character: There is no h (U+0068) in font nullfont!
Missing character: There is no = (U+003D) in font nullfont!
Missing character: There is no 3 (U+0033) in font nullfont!
Missing character: There is no . (U+002E) in font nullfont!
Missing character: There is no 6 (U+0036) in font nullfont!
Missing character: There is no c (U+0063) in font nullfont!
Missing character: There is no m (U+006D) in font nullfont!
Missing character: There is no , (U+002C) in font nullfont!
Missing character: There is no m (U+006D) in font nullfont!
Missing character: There is no i (U+0069) in font nullfont!
Missing character: There is no n (U+006E) in font nullfont!
Missing character: There is no i (U+0069) in font nullfont!
Missing character: There is no m (U+006D) in font nullfont!
Missing character: There is no u (U+0075) in font nullfont!
Missing character: There is no m (U+006D) in font nullfont!
Missing character: There is no h (U+0068) in font nullfont!
Missing character: There is no e (U+0065) in font nullfont!
Missing character: There is no i (U+0069) in font nullfont!
Missing character: There is no g (U+0067) in font nullfont!
Missing character: There is no h (U+0068) in font nullfont!
Missing character: There is no t (U+0074) in font nullfont!
Missing character: There is no = (U+003D) in font nullfont!
Missing character: There is no 1 (U+0031) in font nullfont!
Missing character: There is no c (U+0063) in font nullfont!
Missing character: There is no m (U+006D) in font nullfont!
Missing character: There is no , (U+002C) in font nullfont!
Missing character: There is no f (U+0066) in font nullfont!
Missing character: There is no o (U+006F) in font nullfont!
Missing character: There is no n (U+006E) in font nullfont!
Missing character: There is no t (U+0074) in font nullfont!
Missing character: There is no = (U+003D) in font nullfont!
Missing character: There is no , (U+002C) in font nullfont!
Missing character: There is no p (U+0070) in font nullfont!
Missing character: There is no r (U+0072) in font nullfont!
Missing character: There is no o (U+006F) in font nullfont!
Missing character: There is no c (U+0063) in font nullfont!
Missing character: There is no e (U+0065) in font nullfont!
Missing character: There is no s (U+0073) in font nullfont!
Missing character: There is no s (U+0073) in font nullfont!
Missing character: There is no / (U+002F) in font nullfont!
Missing character: There is no . (U+002E) in font nullfont!
Missing character: There is no s (U+0073) in font nullfont!
Missing character: There is no t (U+0074) in font nullfont!
Missing character: There is no y (U+0079) in font nullfont!
Missing character: There is no l (U+006C) in font nullfont!
Missing character: There is no e (U+0065) in font nullfont!
Missing character: There is no = (U+003D) in font nullfont!
Missing character: There is no r (U+0072) in font nullfont!
Missing character: There is no e (U+0065) in font nullfont!
Missing character: There is no c (U+0063) in font nullfont!
Missing character: There is no t (U+0074) in font nullfont!
Missing character: There is no a (U+0061) in font nullfont!
Missing character: There is no n (U+006E) in font nullfont!
Missing character: There is no g (U+0067) in font nullfont!
Missing character: There is no l (U+006C) in font nullfont!
Missing character: There is no e (U+0065) in font nullfont!
Missing character: There is no , (U+002C) in font nullfont!
Missing character: There is no d (U+0064) in font nullfont!
Missing character: There is no r (U+0072) in font nullfont!
Missing character: There is no a (U+0061) in font nullfont!
Missing character: There is no w (U+0077) in font nullfont!
Missing character: There is no = (U+003D) in font nullfont!
Missing character: There is no b (U+0062) in font nullfont!
Missing character: There is no l (U+006C) in font nullfont!
Missing character: There is no a (U+0061) in font nullfont!
Missing character: There is no c (U+0063) in font nullfont!
Missing character: There is no k (U+006B) in font nullfont!
Missing character: There is no , (U+002C) in font nullfont!
Missing character: There is no f (U+0066) in font nullfont!
Missing character: There is no i (U+0069) in font nullfont!
Missing character: There is no l (U+006C) in font nullfont!
Missing character: There is no l (U+006C) in font nullfont!
Missing character: There is no = (U+003D) in font nullfont!
Missing character: There is no w (U+0077) in font nullfont!
Missing character: There is no h (U+0068) in font nullfont!
Missing character: There is no i (U+0069) in font nullfont!
Missing character: There is no t (U+0074) in font nullfont!
Missing character: There is no e (U+0065) in font nullfont!
Missing character: There is no , (U+002C) in font nullfont!
Missing character: There is no l (U+006C) in font nullfont!
Missing character: There is no i (U+0069) in font nullfont!
Missing character: There is no n (U+006E) in font nullfont!
Missing character: There is no e (U+0065) in font nullfont!
Missing character: There is no w (U+0077) in font nullfont!
Missing character: There is no i (U+0069) in font nullfont!
Missing character: There is no d (U+0064) in font nullfont!
Missing character: There is no t (U+0074) in font nullfont!
Missing character: There is no h (U+0068) in font nullfont!
Missing character: There is no = (U+003D) in font nullfont!
Missing character: There is no 0 (U+0030) in font nullfont!
Missing character: There is no . (U+002E) in font nullfont!
Missing character: There is no 8 (U+0038) in font nullfont!
Missing character: There is no p (U+0070) in font nullfont!
Missing character: There is no t (U+0074) in font nullfont!
Missing character: There is no , (U+002C) in font nullfont!
Missing character: There is no m (U+006D) in font nullfont!
Missing character: There is no i (U+0069) in font nullfont!
Missing character: There is no n (U+006E) in font nullfont!
Missing character: There is no i (U+0069) in font nullfont!
Missing character: There is no m (U+006D) in font nullfont!
Missing character: There is no u (U+0075) in font nullfont!
Missing character: There is no m (U+006D) in font nullfont!
Missing character: There is no w (U+0077) in font nullfont!
Missing character: There is no i (U+0069) in font nullfont!
Missing character: There is no d (U+0064) in font nullfont!
Missing character: There is no t (U+0074) in font nullfont!
Missing character: There is no h (U+0068) in font nullfont!
Missing character: There is no = (U+003D) in font nullfont!
Missing character: There is no 4 (U+0034) in font nullfont!
Missing character: There is no . (U+002E) in font nullfont!
Missing character: There is no 8 (U+0038) in font nullfont!
Missing character: There is no c (U+0063) in font nullfont!
Missing character: There is no m (U+006D) in font nullfont!
Missing character: There is no , (U+002C) in font nullfont!
Missing character: There is no m (U+006D) in font nullfont!
Missing character: There is no i (U+0069) in font nullfont!
Missing character: There is no n (U+006E) in font nullfont!
Missing character: There is no i (U+0069) in font nullfont!
Missing character: There is no m (U+006D) in font nullfont!
Missing character: There is no u (U+0075) in font nullfont!
Missing character: There is no m (U+006D) in font nullfont!
Missing character: There is no h (U+0068) in font nullfont!
Missing character: There is no e (U+0065) in font nullfont!
Missing character: There is no i (U+0069) in font nullfont!
Missing character: There is no g (U+0067) in font nullfont!
Missing character: There is no h (U+0068) in font nullfont!
Missing character: There is no t (U+0074) in font nullfont!
Missing character: There is no = (U+003D) in font nullfont!
Missing character: There is no 1 (U+0031) in font nullfont!
Missing character: There is no c (U+0063) in font nullfont!
Missing character: There is no m (U+006D) in font nullfont!
Missing character: There is no , (U+002C) in font nullfont!
Missing character: There is no f (U+0066) in font nullfont!
Missing character: There is no o (U+006F) in font nullfont!
Missing character: There is no n (U+006E) in font nullfont!
Missing character: There is no t (U+0074) in font nullfont!
Missing character: There is no = (U+003D) in font nullfont!
Missing character: There is no , (U+002C) in font nullfont!
Missing character: There is no a (U+0061) in font nullfont!
Missing character: There is no l (U+006C) in font nullfont!
Missing character: There is no i (U+0069) in font nullfont!
Missing character: There is no g (U+0067) in font nullfont!
Missing character: There is no n (U+006E) in font nullfont!
Missing character: There is no = (U+003D) in font nullfont!
Missing character: There is no c (U+0063) in font nullfont!
Missing character: There is no e (U+0065) in font nullfont!
Missing character: There is no n (U+006E) in font nullfont!
Missing character: There is no t (U+0074) in font nullfont!
Missing character: There is no e (U+0065) in font nullfont!
Missing character: There is no r (U+0072) in font nullfont!
Missing character: There is no , (U+002C) in font nullfont!
Missing character: There is no r (U+0072) in font nullfont!
Missing character: There is no o (U+006F) in font nullfont!
Missing character: There is no u (U+0075) in font nullfont!
Missing character: There is no n (U+006E) in font nullfont!
Missing character: There is no d (U+0064) in font nullfont!
Missing character: There is no e (U+0065) in font nullfont!
Missing character: There is no d (U+0064) in font nullfont!
Missing character: There is no c (U+0063) in font nullfont!
Missing character: There is no o (U+006F) in font nullfont!
Missing character: There is no r (U+0072) in font nullfont!
Missing character: There is no n (U+006E) in font nullfont!
Missing character: There is no e (U+0065) in font nullfont!
Missing character: There is no r (U+0072) in font nullfont!
Missing character: There is no s (U+0073) in font nullfont!
Missing character: There is no = (U+003D) in font nullfont!
Missing character: There is no 2 (U+0032) in font nullfont!
Missing character: There is no p (U+0070) in font nullfont!
Missing character: There is no t (U+0074) in font nullfont!
Missing character: There is no , (U+002C) in font nullfont!
Missing character: There is no d (U+0064) in font nullfont!
Missing character: There is no e (U+0065) in font nullfont!
Missing character: There is no c (U+0063) in font nullfont!
Missing character: There is no i (U+0069) in font nullfont!
Missing character: There is no s (U+0073) in font nullfont!
Missing character: There is no i (U+0069) in font nullfont!
Missing character: There is no o (U+006F) in font nullfont!
Missing character: There is no n (U+006E) in font nullfont!
Missing character: There is no / (U+002F) in font nullfont!
Missing character: There is no . (U+002E) in font nullfont!
Missing character: There is no s (U+0073) in font nullfont!
Missing character: There is no t (U+0074) in font nullfont!
Missing character: There is no y (U+0079) in font nullfont!
Missing character: There is no l (U+006C) in font nullfont!
Missing character: There is no e (U+0065) in font nullfont!
Missing character: There is no = (U+003D) in font nullfont!
Missing character: There is no d (U+0064) in font nullfont!
Missing character: There is no i (U+0069) in font nullfont!
Missing character: There is no a (U+0061) in font nullfont!
Missing character: There is no m (U+006D) in font nullfont!
Missing character: There is no o (U+006F) in font nullfont!
Missing character: There is no n (U+006E) in font nullfont!
Missing character: There is no d (U+0064) in font nullfont!
Missing character: There is no , (U+002C) in font nullfont!
Missing character: There is no d (U+0064) in font nullfont!
Missing character: There is no r (U+0072) in font nullfont!
Missing character: There is no a (U+0061) in font nullfont!
Missing character: There is no w (U+0077) in font nullfont!
Missing character: There is no = (U+003D) in font nullfont!
Missing character: There is no b (U+0062) in font nullfont!
Missing character: There is no l (U+006C) in font nullfont!
Missing character: There is no a (U+0061) in font nullfont!
Missing character: There is no c (U+0063) in font nullfont!
Missing character: There is no k (U+006B) in font nullfont!
Missing character: There is no , (U+002C) in font nullfont!
Missing character: There is no f (U+0066) in font nullfont!
Missing character: There is no i (U+0069) in font nullfont!
Missing character: There is no l (U+006C) in font nullfont!
Missing character: There is no l (U+006C) in font nullfont!
Missing character: There is no = (U+003D) in font nullfont!
Missing character: There is no g (U+0067) in font nullfont!
Missing character: There is no r (U+0072) in font nullfont!
Missing character: There is no a (U+0061) in font nullfont!
Missing character: There is no y (U+0079) in font nullfont!
Missing character: There is no ! (U+0021) in font nullfont!
Missing character: There is no 1 (U+0031) in font nullfont!
Missing character: There is no 0 (U+0030) in font nullfont!
Missing character: There is no , (U+002C) in font nullfont!
Missing character: There is no l (U+006C) in font nullfont!
Missing character: There is no i (U+0069) in font nullfont!
Missing character: There is no n (U+006E) in font nullfont!
Missing character: There is no e (U+0065) in font nullfont!
Missing character: There is no w (U+0077) in font nullfont!
Missing character: There is no i (U+0069) in font nullfont!
Missing character: There is no d (U+0064) in font nullfont!
Missing character: There is no t (U+0074) in font nullfont!
Missing character: There is no h (U+0068) in font nullfont!
Missing character: There is no = (U+003D) in font nullfont!
Missing character: There is no 0 (U+0030) in font nullfont!
Missing character: There is no . (U+002E) in font nullfont!
Missing character: There is no 8 (U+0038) in font nullfont!
Missing character: There is no p (U+0070) in font nullfont!
Missing character: There is no t (U+0074) in font nullfont!
Missing character: There is no , (U+002C) in font nullfont!
Missing character: There is no a (U+0061) in font nullfont!
Missing character: There is no s (U+0073) in font nullfont!
Missing character: There is no p (U+0070) in font nullfont!
Missing character: There is no e (U+0065) in font nullfont!
Missing character: There is no c (U+0063) in font nullfont!
Missing character: There is no t (U+0074) in font nullfont!
Missing character: There is no = (U+003D) in font nullfont!
Missing character: There is no 2 (U+0032) in font nullfont!
Missing character: There is no . (U+002E) in font nullfont!
Missing character: There is no 5 (U+0035) in font nullfont!
Missing character: There is no , (U+002C) in font nullfont!
Missing character: There is no m (U+006D) in font nullfont!
Missing character: There is no i (U+0069) in font nullfont!
Missing character: There is no n (U+006E) in font nullfont!
Missing character: There is no i (U+0069) in font nullfont!
Missing character: There is no m (U+006D) in font nullfont!
Missing character: There is no u (U+0075) in font nullfont!
Missing character: There is no m (U+006D) in font nullfont!
Missing character: There is no w (U+0077) in font nullfont!
Missing character: There is no i (U+0069) in font nullfont!
Missing character: There is no d (U+0064) in font nullfont!
Missing character: There is no t (U+0074) in font nullfont!
Missing character: There is no h (U+0068) in font nullfont!
Missing character: There is no = (U+003D) in font nullfont!
Missing character: There is no 2 (U+0032) in font nullfont!
Missing character: There is no . (U+002E) in font nullfont!
Missing character: There is no 2 (U+0032) in font nullfont!
Missing character: There is no c (U+0063) in font nullfont!
Missing character: There is no m (U+006D) in font nullfont!
Missing character: There is no , (U+002C) in font nullfont!
Missing character: There is no m (U+006D) in font nullfont!
Missing character: There is no i (U+0069) in font nullfont!
Missing character: There is no n (U+006E) in font nullfont!
Missing character: There is no i (U+0069) in font nullfont!
Missing character: There is no m (U+006D) in font nullfont!
Missing character: There is no u (U+0075) in font nullfont!
Missing character: There is no m (U+006D) in font nullfont!
Missing character: There is no h (U+0068) in font nullfont!
Missing character: There is no e (U+0065) in font nullfont!
Missing character: There is no i (U+0069) in font nullfont!
Missing character: There is no g (U+0067) in font nullfont!
Missing character: There is no h (U+0068) in font nullfont!
Missing character: There is no t (U+0074) in font nullfont!
Missing character: There is no = (U+003D) in font nullfont!
Missing character: There is no 1 (U+0031) in font nullfont!
Missing character: There is no . (U+002E) in font nullfont!
Missing character: There is no 2 (U+0032) in font nullfont!
Missing character: There is no c (U+0063) in font nullfont!
Missing character: There is no m (U+006D) in font nullfont!
Missing character: There is no , (U+002C) in font nullfont!
Missing character: There is no f (U+0066) in font nullfont!
Missing character: There is no o (U+006F) in font nullfont!
Missing character: There is no n (U+006E) in font nullfont!
Missing character: There is no t (U+0074) in font nullfont!
Missing character: There is no = (U+003D) in font nullfont!
Missing character: There is no , (U+002C) in font nullfont!
Missing character: There is no a (U+0061) in font nullfont!
Missing character: There is no l (U+006C) in font nullfont!
Missing character: There is no i (U+0069) in font nullfont!
Missing character: There is no g (U+0067) in font nullfont!
Missing character: There is no n (U+006E) in font nullfont!
Missing character: There is no = (U+003D) in font nullfont!
Missing character: There is no c (U+0063) in font nullfont!
Missing character: There is no e (U+0065) in font nullfont!
Missing character: There is no n (U+006E) in font nullfont!
Missing character: There is no t (U+0074) in font nullfont!
Missing character: There is no e (U+0065) in font nullfont!
Missing character: There is no r (U+0072) in font nullfont!
Missing character: There is no , (U+002C) in font nullfont!
Missing character: There is no a (U+0061) in font nullfont!
Missing character: There is no r (U+0072) in font nullfont!
Missing character: There is no r (U+0072) in font nullfont!
Missing character: There is no o (U+006F) in font nullfont!
Missing character: There is no w (U+0077) in font nullfont!
Missing character: There is no / (U+002F) in font nullfont!
Missing character: There is no . (U+002E) in font nullfont!
Missing character: There is no s (U+0073) in font nullfont!
Missing character: There is no t (U+0074) in font nullfont!
Missing character: There is no y (U+0079) in font nullfont!
Missing character: There is no l (U+006C) in font nullfont!
Missing character: There is no e (U+0065) in font nullfont!
Missing character: There is no = (U+003D) in font nullfont!
Missing character: There is no - (U+002D) in font nullfont!
Missing character: There is no S (U+0053) in font nullfont!
Missing character: There is no t (U+0074) in font nullfont!
Missing character: There is no e (U+0065) in font nullfont!
Missing character: There is no a (U+0061) in font nullfont!
Missing character: There is no l (U+006C) in font nullfont!
Missing character: There is no t (U+0074) in font nullfont!
Missing character: There is no h (U+0068) in font nullfont!
Missing character: There is no [ (U+005B) in font nullfont!
Missing character: There is no s (U+0073) in font nullfont!
Missing character: There is no c (U+0063) in font nullfont!
Missing character: There is no a (U+0061) in font nullfont!
Missing character: There is no l (U+006C) in font nullfont!
Missing character: There is no e (U+0065) in font nullfont!
Missing character: There is no = (U+003D) in font nullfont!
Missing character: There is no 0 (U+0030) in font nullfont!
Missing character: There is no . (U+002E) in font nullfont!
Missing character: There is no 8 (U+0038) in font nullfont!
Missing character: There is no ] (U+005D) in font nullfont!
Missing character: There is no , (U+002C) in font nullfont!
Missing character: There is no l (U+006C) in font nullfont!
Missing character: There is no i (U+0069) in font nullfont!
Missing character: There is no n (U+006E) in font nullfont!
Missing character: There is no e (U+0065) in font nullfont!
Missing character: There is no w (U+0077) in font nullfont!
Missing character: There is no i (U+0069) in font nullfont!
Missing character: There is no d (U+0064) in font nullfont!
Missing character: There is no t (U+0074) in font nullfont!
Missing character: There is no h (U+0068) in font nullfont!
Missing character: There is no = (U+003D) in font nullfont!
Missing character: There is no 0 (U+0030) in font nullfont!
Missing character: There is no . (U+002E) in font nullfont!
Missing character: There is no 6 (U+0036) in font nullfont!
Missing character: There is no p (U+0070) in font nullfont!
Missing character: There is no t (U+0074) in font nullfont!
Missing character: There is no ] (U+005D) in font nullfont!
Missing character: There is no [ (U+005B) in font nullfont!
Missing character: There is no s (U+0073) in font nullfont!
Missing character: There is no t (U+0074) in font nullfont!
Missing character: There is no a (U+0061) in font nullfont!
Missing character: There is no r (U+0072) in font nullfont!
Missing character: There is no t (U+0074) in font nullfont!
Missing character: There is no s (U+0073) in font nullfont!
Missing character: There is no t (U+0074) in font nullfont!
Missing character: There is no o (U+006F) in font nullfont!
Missing character: There is no p (U+0070) in font nullfont!
Missing character: There is no ] (U+005D) in font nullfont!
Missing character: There is no ( (U+0028) in font nullfont!
Missing character: There is no s (U+0073) in font nullfont!
Missing character: There is no t (U+0074) in font nullfont!
Missing character: There is no a (U+0061) in font nullfont!
Missing character: There is no r (U+0072) in font nullfont!
Missing character: There is no t (U+0074) in font nullfont!
Missing character: There is no ) (U+0029) in font nullfont!
Missing character: There is no B (U+0042) in font nullfont!
Missing character: There is no ắ (U+1EAF) in font nullfont!
Missing character: There is no t (U+0074) in font nullfont!
Missing character: There is no đ (U+0111) in font nullfont!
Missing character: There is no ầ (U+1EA7) in font nullfont!
Missing character: There is no u (U+0075) in font nullfont!
Missing character: There is no ; (U+003B) in font nullfont!
Missing character: There is no [ (U+005B) in font nullfont!
Missing character: There is no p (U+0070) in font nullfont!
Missing character: There is no r (U+0072) in font nullfont!
Missing character: There is no o (U+006F) in font nullfont!
Missing character: There is no c (U+0063) in font nullfont!
Missing character: There is no e (U+0065) in font nullfont!
Missing character: There is no s (U+0073) in font nullfont!
Missing character: There is no s (U+0073) in font nullfont!
Missing character: There is no , (U+002C) in font nullfont!
Missing character: There is no b (U+0062) in font nullfont!
Missing character: There is no e (U+0065) in font nullfont!
Missing character: There is no l (U+006C) in font nullfont!
Missing character: There is no o (U+006F) in font nullfont!
Missing character: There is no w (U+0077) in font nullfont!
Missing character: There is no = (U+003D) in font nullfont!
Missing character: There is no o (U+006F) in font nullfont!
Missing character: There is no f (U+0066) in font nullfont!
Missing character: There is no s (U+0073) in font nullfont!
Missing character: There is no t (U+0074) in font nullfont!
Missing character: There is no a (U+0061) in font nullfont!
Missing character: There is no r (U+0072) in font nullfont!
Missing character: There is no t (U+0074) in font nullfont!
Missing character: There is no ] (U+005D) in font nullfont!
Missing character: There is no ( (U+0028) in font nullfont!
Missing character: There is no s (U+0073) in font nullfont!
Missing character: There is no t (U+0074) in font nullfont!
Missing character: There is no e (U+0065) in font nullfont!
Missing character: There is no p (U+0070) in font nullfont!
Missing character: There is no 1 (U+0031) in font nullfont!
Missing character: There is no ) (U+0029) in font nullfont!
Missing character: There is no N (U+004E) in font nullfont!
Missing character: There is no h (U+0068) in font nullfont!
Missing character: There is no â (U+00E2) in font nullfont!
Missing character: There is no n (U+006E) in font nullfont!
Missing character: There is no v (U+0076) in font nullfont!
Missing character: There is no i (U+0069) in font nullfont!
Missing character: There is no ê (U+00EA) in font nullfont!
Missing character: There is no n (U+006E) in font nullfont!
Missing character: There is no k (U+006B) in font nullfont!
Missing character: There is no h (U+0068) in font nullfont!
Missing character: There is no o (U+006F) in font nullfont!
Missing character: There is no l (U+006C) in font nullfont!
Missing character: There is no ậ (U+1EAD) in font nullfont!
Missing character: There is no p (U+0070) in font nullfont!
Missing character: There is no p (U+0070) in font nullfont!
Missing character: There is no h (U+0068) in font nullfont!
Missing character: There is no i (U+0069) in font nullfont!
Missing character: There is no ế (U+1EBF) in font nullfont!
Missing character: There is no u (U+0075) in font nullfont!
Missing character: There is no n (U+006E) in font nullfont!
Missing character: There is no h (U+0068) in font nullfont!
Missing character: There is no ậ (U+1EAD) in font nullfont!
Missing character: There is no p (U+0070) in font nullfont!
Missing character: There is no k (U+006B) in font nullfont!
Missing character: There is no h (U+0068) in font nullfont!
Missing character: There is no o (U+006F) in font nullfont!
Missing character: There is no ; (U+003B) in font nullfont!
Missing character: There is no [ (U+005B) in font nullfont!
Missing character: There is no p (U+0070) in font nullfont!
Missing character: There is no r (U+0072) in font nullfont!
Missing character: There is no o (U+006F) in font nullfont!
Missing character: There is no c (U+0063) in font nullfont!
Missing character: There is no e (U+0065) in font nullfont!
Missing character: There is no s (U+0073) in font nullfont!
Missing character: There is no s (U+0073) in font nullfont!
Missing character: There is no , (U+002C) in font nullfont!
Missing character: There is no b (U+0062) in font nullfont!
Missing character: There is no e (U+0065) in font nullfont!
Missing character: There is no l (U+006C) in font nullfont!
Missing character: There is no o (U+006F) in font nullfont!
Missing character: There is no w (U+0077) in font nullfont!
Missing character: There is no = (U+003D) in font nullfont!
Missing character: There is no o (U+006F) in font nullfont!
Missing character: There is no f (U+0066) in font nullfont!
Missing character: There is no s (U+0073) in font nullfont!
Missing character: There is no t (U+0074) in font nullfont!
Missing character: There is no e (U+0065) in font nullfont!
Missing character: There is no p (U+0070) in font nullfont!
Missing character: There is no 1 (U+0031) in font nullfont!
Missing character: There is no ] (U+005D) in font nullfont!
Missing character: There is no ( (U+0028) in font nullfont!
Missing character: There is no s (U+0073) in font nullfont!
Missing character: There is no t (U+0074) in font nullfont!
Missing character: There is no e (U+0065) in font nullfont!
Missing character: There is no p (U+0070) in font nullfont!
Missing character: There is no 2 (U+0032) in font nullfont!
Missing character: There is no ) (U+0029) in font nullfont!
Missing character: There is no N (U+004E) in font nullfont!
Missing character: There is no h (U+0068) in font nullfont!
Missing character: There is no ậ (U+1EAD) in font nullfont!
Missing character: There is no p (U+0070) in font nullfont!
Missing character: There is no t (U+0074) in font nullfont!
Missing character: There is no h (U+0068) in font nullfont!
Missing character: There is no ô (U+00F4) in font nullfont!
Missing character: There is no n (U+006E) in font nullfont!
Missing character: There is no g (U+0067) in font nullfont!
Missing character: There is no t (U+0074) in font nullfont!
Missing character: There is no i (U+0069) in font nullfont!
Missing character: There is no n (U+006E) in font nullfont!
Missing character: There is no n (U+006E) in font nullfont!
Missing character: There is no h (U+0068) in font nullfont!
Missing character: There is no à (U+00E0) in font nullfont!
Missing character: There is no c (U+0063) in font nullfont!
Missing character: There is no u (U+0075) in font nullfont!
Missing character: There is no n (U+006E) in font nullfont!
Missing character: There is no g (U+0067) in font nullfont!
Missing character: There is no c (U+0063) in font nullfont!
Missing character: There is no ấ (U+1EA5) in font nullfont!
Missing character: There is no p (U+0070) in font nullfont!
Missing character: There is no , (U+002C) in font nullfont!
Missing character: There is no k (U+006B) in font nullfont!
Missing character: There is no h (U+0068) in font nullfont!
Missing character: There is no o (U+006F) in font nullfont!
Missing character: There is no , (U+002C) in font nullfont!
Missing character: There is no n (U+006E) in font nullfont!
Missing character: There is no g (U+0067) in font nullfont!
Missing character: There is no à (U+00E0) in font nullfont!
Missing character: There is no y (U+0079) in font nullfont!
Missing character: There is no n (U+006E) in font nullfont!
Missing character: There is no h (U+0068) in font nullfont!
Missing character: There is no ậ (U+1EAD) in font nullfont!
Missing character: There is no p (U+0070) in font nullfont!
Missing character: There is no ; (U+003B) in font nullfont!
Missing character: There is no [ (U+005B) in font nullfont!
Missing character: There is no p (U+0070) in font nullfont!
Missing character: There is no r (U+0072) in font nullfont!
Missing character: There is no o (U+006F) in font nullfont!
Missing character: There is no c (U+0063) in font nullfont!
Missing character: There is no e (U+0065) in font nullfont!
Missing character: There is no s (U+0073) in font nullfont!
Missing character: There is no s (U+0073) in font nullfont!
Missing character: There is no , (U+002C) in font nullfont!
Missing character: There is no b (U+0062) in font nullfont!
Missing character: There is no e (U+0065) in font nullfont!
Missing character: There is no l (U+006C) in font nullfont!
Missing character: There is no o (U+006F) in font nullfont!
Missing character: There is no w (U+0077) in font nullfont!
Missing character: There is no = (U+003D) in font nullfont!
Missing character: There is no o (U+006F) in font nullfont!
Missing character: There is no f (U+0066) in font nullfont!
Missing character: There is no s (U+0073) in font nullfont!
Missing character: There is no t (U+0074) in font nullfont!
Missing character: There is no e (U+0065) in font nullfont!
Missing character: There is no p (U+0070) in font nullfont!
Missing character: There is no 2 (U+0032) in font nullfont!
Missing character: There is no ] (U+005D) in font nullfont!
Missing character: There is no ( (U+0028) in font nullfont!
Missing character: There is no s (U+0073) in font nullfont!
Missing character: There is no t (U+0074) in font nullfont!
Missing character: There is no e (U+0065) in font nullfont!
Missing character: There is no p (U+0070) in font nullfont!
Missing character: There is no 3 (U+0033) in font nullfont!
Missing character: There is no ) (U+0029) in font nullfont!
Missing character: There is no T (U+0054) in font nullfont!
Missing character: There is no h (U+0068) in font nullfont!
Missing character: There is no ê (U+00EA) in font nullfont!
Missing character: There is no m (U+006D) in font nullfont!
Missing character: There is no c (U+0063) in font nullfont!
Missing character: There is no h (U+0068) in font nullfont!
Missing character: There is no i (U+0069) in font nullfont!
Missing character: There is no t (U+0074) in font nullfont!
Missing character: There is no i (U+0069) in font nullfont!
Missing character: There is no ế (U+1EBF) in font nullfont!
Missing character: There is no t (U+0074) in font nullfont!
Missing character: There is no h (U+0068) in font nullfont!
Missing character: There is no à (U+00E0) in font nullfont!
Missing character: There is no n (U+006E) in font nullfont!
Missing character: There is no g (U+0067) in font nullfont!
Missing character: There is no h (U+0068) in font nullfont!
Missing character: There is no ó (U+00F3) in font nullfont!
Missing character: There is no a (U+0061) in font nullfont!
Missing character: There is no n (U+006E) in font nullfont!
Missing character: There is no h (U+0068) in font nullfont!
Missing character: There is no ậ (U+1EAD) in font nullfont!
Missing character: There is no p (U+0070) in font nullfont!
Missing character: There is no ; (U+003B) in font nullfont!
Missing character: There is no [ (U+005B) in font nullfont!
Missing character: There is no d (U+0064) in font nullfont!
Missing character: There is no e (U+0065) in font nullfont!
Missing character: There is no c (U+0063) in font nullfont!
Missing character: There is no i (U+0069) in font nullfont!
Missing character: There is no s (U+0073) in font nullfont!
Missing character: There is no i (U+0069) in font nullfont!
Missing character: There is no o (U+006F) in font nullfont!
Missing character: There is no n (U+006E) in font nullfont!
Missing character: There is no , (U+002C) in font nullfont!
Missing character: There is no b (U+0062) in font nullfont!
Missing character: There is no e (U+0065) in font nullfont!
Missing character: There is no l (U+006C) in font nullfont!
Missing character: There is no o (U+006F) in font nullfont!
Missing character: There is no w (U+0077) in font nullfont!
Missing character: There is no = (U+003D) in font nullfont!
Missing character: There is no o (U+006F) in font nullfont!
Missing character: There is no f (U+0066) in font nullfont!
Missing character: There is no s (U+0073) in font nullfont!
Missing character: There is no t (U+0074) in font nullfont!
Missing character: There is no e (U+0065) in font nullfont!
Missing character: There is no p (U+0070) in font nullfont!
Missing character: There is no 3 (U+0033) in font nullfont!
Missing character: There is no ] (U+005D) in font nullfont!
Missing character: There is no ( (U+0028) in font nullfont!
Missing character: There is no d (U+0064) in font nullfont!
Missing character: There is no e (U+0065) in font nullfont!
Missing character: There is no c (U+0063) in font nullfont!
Missing character: There is no 1 (U+0031) in font nullfont!
Missing character: There is no ) (U+0029) in font nullfont!
Missing character: There is no D (U+0044) in font nullfont!
Missing character: There is no ữ (U+1EEF) in font nullfont!
Missing character: There is no l (U+006C) in font nullfont!
Missing character: There is no i (U+0069) in font nullfont!
Missing character: There is no ệ (U+1EC7) in font nullfont!
Missing character: There is no u (U+0075) in font nullfont!
Missing character: There is no [ (U+005B) in font nullfont!
Missing character: There is no H (U+0048) in font nullfont!
Missing character: There is no ] (U+005D) in font nullfont!
Missing character: There is no [ (U+005B) in font nullfont!
Missing character: There is no H (U+0048) in font nullfont!
Missing character: There is no ] (U+005D) in font nullfont!
Missing character: There is no [ (U+005B) in font nullfont!
Missing character: There is no H (U+0048) in font nullfont!
Missing character: There is no ] (U+005D) in font nullfont!

Overfull \hbox (20.0pt too wide) in paragraph at lines 1--44
 [][H] 
 []


! LaTeX Error: Missing \begin{document}.

See the LaTeX manual or LaTeX Companion for explanation.
Type  H <return>  for immediate help.
 ...                                              
                                                  
l.44 }
      
You're in trouble here.  Try typing  <return>  to proceed.
If that doesn't work, type  X <return>  to quit.

! Extra }, or forgotten \endgroup.
<argument> ...3] (dec1) {Dữ liệu\\hợp lệ?}
                                                  ; \node [process, below=of...
l.44 }
      
I've deleted a group-closing symbol because it seems to be
spurious, as in `$x}$'. But perhaps the } is legitimate and
you forgot something else, as in `\hbox{$x}'. In such cases
the way to recover is to insert both the forgotten and the
deleted material, e.g., by typing `I$}'.

! Undefined control sequence.
<argument> ...) {Dữ liệu\\hợp lệ?}; \node 
                                                  [process, below=of dec1] (...
l.44 }
      
The control sequence at the end of the top line
of your error message was never \def'ed. If you have
misspelled it (e.g., `\hobx'), type `I' and the correct
spelling (e.g., `I\hbox'). Otherwise just continue,
and I'll forget about whatever was undefined.

! Undefined control sequence.
<argument> ...hiếu nhập để duyệt}; \node 
                                                  [decision, below=of step4]...
l.44 }
      
The control sequence at the end of the top line
of your error message was never \def'ed. If you have
misspelled it (e.g., `\hobx'), type `I' and the correct
spelling (e.g., `I\hbox'). Otherwise just continue,
and I'll forget about whatever was undefined.

Missing character: There is no h (U+0068) in font nullfont!
Missing character: There is no ợ (U+1EE3) in font nullfont!
Missing character: There is no p (U+0070) in font nullfont!
Missing character: There is no l (U+006C) in font nullfont!
Missing character: There is no ệ (U+1EC7) in font nullfont!
Missing character: There is no ? (U+003F) in font nullfont!
Missing character: There is no ; (U+003B) in font nullfont!
Missing character: There is no [ (U+005B) in font nullfont!
Missing character: There is no p (U+0070) in font nullfont!
Missing character: There is no r (U+0072) in font nullfont!
Missing character: There is no o (U+006F) in font nullfont!
Missing character: There is no c (U+0063) in font nullfont!
Missing character: There is no e (U+0065) in font nullfont!
Missing character: There is no s (U+0073) in font nullfont!
Missing character: There is no s (U+0073) in font nullfont!
Missing character: There is no , (U+002C) in font nullfont!
Missing character: There is no b (U+0062) in font nullfont!
Missing character: There is no e (U+0065) in font nullfont!
Missing character: There is no l (U+006C) in font nullfont!
Missing character: There is no o (U+006F) in font nullfont!
Missing character: There is no w (U+0077) in font nullfont!
Missing character: There is no = (U+003D) in font nullfont!
Missing character: There is no o (U+006F) in font nullfont!
Missing character: There is no f (U+0066) in font nullfont!
Missing character: There is no d (U+0064) in font nullfont!
Missing character: There is no e (U+0065) in font nullfont!
Missing character: There is no c (U+0063) in font nullfont!
Missing character: There is no 1 (U+0031) in font nullfont!
Missing character: There is no ] (U+005D) in font nullfont!
Missing character: There is no ( (U+0028) in font nullfont!
Missing character: There is no s (U+0073) in font nullfont!
Missing character: There is no t (U+0074) in font nullfont!
Missing character: There is no e (U+0065) in font nullfont!
Missing character: There is no p (U+0070) in font nullfont!
Missing character: There is no 4 (U+0034) in font nullfont!
Missing character: There is no ) (U+0029) in font nullfont!
Missing character: There is no G (U+0047) in font nullfont!
Missing character: There is no ử (U+1EED) in font nullfont!
Missing character: There is no i (U+0069) in font nullfont!
Missing character: There is no p (U+0070) in font nullfont!
Missing character: There is no h (U+0068) in font nullfont!
Missing character: There is no i (U+0069) in font nullfont!
Missing character: There is no ế (U+1EBF) in font nullfont!
Missing character: There is no u (U+0075) in font nullfont!
Missing character: There is no n (U+006E) in font nullfont!
Missing character: There is no h (U+0068) in font nullfont!
Missing character: There is no ậ (U+1EAD) in font nullfont!
Missing character: There is no p (U+0070) in font nullfont!
Missing character: There is no đ (U+0111) in font nullfont!
Missing character: There is no ể (U+1EC3) in font nullfont!
Missing character: There is no d (U+0064) in font nullfont!
Missing character: There is no u (U+0075) in font nullfont!
Missing character: There is no y (U+0079) in font nullfont!
Missing character: There is no ệ (U+1EC7) in font nullfont!
Missing character: There is no t (U+0074) in font nullfont!
Missing character: There is no ; (U+003B) in font nullfont!
Missing character: There is no [ (U+005B) in font nullfont!
Missing character: There is no d (U+0064) in font nullfont!
Missing character: There is no e (U+0065) in font nullfont!
Missing character: There is no c (U+0063) in font nullfont!
Missing character: There is no i (U+0069) in font nullfont!
Missing character: There is no s (U+0073) in font nullfont!
Missing character: There is no i (U+0069) in font nullfont!
Missing character: There is no o (U+006F) in font nullfont!
Missing character: There is no n (U+006E) in font nullfont!
Missing character: There is no , (U+002C) in font nullfont!
Missing character: There is no b (U+0062) in font nullfont!
Missing character: There is no e (U+0065) in font nullfont!
Missing character: There is no l (U+006C) in font nullfont!
Missing character: There is no o (U+006F) in font nullfont!
Missing character: There is no w (U+0077) in font nullfont!
Missing character: There is no = (U+003D) in font nullfont!
Missing character: There is no o (U+006F) in font nullfont!
Missing character: There is no f (U+0066) in font nullfont!
Missing character: There is no s (U+0073) in font nullfont!
Missing character: There is no t (U+0074) in font nullfont!
Missing character: There is no e (U+0065) in font nullfont!
Missing character: There is no p (U+0070) in font nullfont!
Missing character: There is no 4 (U+0034) in font nullfont!
Missing character: There is no ] (U+005D) in font nullfont!
Missing character: There is no ( (U+0028) in font nullfont!
Missing character: There is no d (U+0064) in font nullfont!
Missing character: There is no e (U+0065) in font nullfont!
Missing character: There is no c (U+0063) in font nullfont!
Missing character: There is no 2 (U+0032) in font nullfont!
Missing character: There is no ) (U+0029) in font nullfont!
Missing character: There is no Q (U+0051) in font nullfont!
Missing character: There is no u (U+0075) in font nullfont!
Missing character: There is no ả (U+1EA3) in font nullfont!
Missing character: There is no n (U+006E) in font nullfont!
Missing character: There is no l (U+006C) in font nullfont!
Missing character: There is no ý (U+00FD) in font nullfont!
Missing character: There is no h (U+0068) in font nullfont!
Missing character: There is no ợ (U+1EE3) in font nullfont!
Missing character: There is no p (U+0070) in font nullfont!
Missing character: There is no l (U+006C) in font nullfont!
Missing character: There is no ệ (U+1EC7) in font nullfont!
Missing character: There is no ? (U+003F) in font nullfont!
Missing character: There is no ; (U+003B) in font nullfont!
Missing character: There is no [ (U+005B) in font nullfont!
Missing character: There is no p (U+0070) in font nullfont!
Missing character: There is no r (U+0072) in font nullfont!
Missing character: There is no o (U+006F) in font nullfont!
Missing character: There is no c (U+0063) in font nullfont!
Missing character: There is no e (U+0065) in font nullfont!
Missing character: There is no s (U+0073) in font nullfont!
Missing character: There is no s (U+0073) in font nullfont!
Missing character: There is no , (U+002C) in font nullfont!
Missing character: There is no b (U+0062) in font nullfont!
Missing character: There is no e (U+0065) in font nullfont!
Missing character: There is no l (U+006C) in font nullfont!
Missing character: There is no o (U+006F) in font nullfont!
Missing character: There is no w (U+0077) in font nullfont!
Missing character: There is no = (U+003D) in font nullfont!
Missing character: There is no o (U+006F) in font nullfont!
Missing character: There is no f (U+0066) in font nullfont!
Missing character: There is no d (U+0064) in font nullfont!
Missing character: There is no e (U+0065) in font nullfont!
Missing character: There is no c (U+0063) in font nullfont!
Missing character: There is no 1 (U+0031) in font nullfont!
Missing character: There is no ] (U+005D) in font nullfont!
Missing character: There is no ( (U+0028) in font nullfont!
Missing character: There is no s (U+0073) in font nullfont!
Missing character: There is no t (U+0074) in font nullfont!
Missing character: There is no e (U+0065) in font nullfont!
Missing character: There is no p (U+0070) in font nullfont!
Missing character: There is no 4 (U+0034) in font nullfont!
Missing character: There is no ) (U+0029) in font nullfont!
Missing character: There is no G (U+0047) in font nullfont!
Missing character: There is no ử (U+1EED) in font nullfont!
Missing character: There is no i (U+0069) in font nullfont!
Missing character: There is no p (U+0070) in font nullfont!
Missing character: There is no h (U+0068) in font nullfont!
Missing character: There is no i (U+0069) in font nullfont!
Missing character: There is no ế (U+1EBF) in font nullfont!
Missing character: There is no u (U+0075) in font nullfont!
Missing character: There is no n (U+006E) in font nullfont!
Missing character: There is no h (U+0068) in font nullfont!
Missing character: There is no ậ (U+1EAD) in font nullfont!
Missing character: There is no p (U+0070) in font nullfont!
Missing character: There is no đ (U+0111) in font nullfont!
Missing character: There is no ể (U+1EC3) in font nullfont!
Missing character: There is no d (U+0064) in font nullfont!
Missing character: There is no u (U+0075) in font nullfont!
Missing character: There is no y (U+0079) in font nullfont!
Missing character: There is no ệ (U+1EC7) in font nullfont!
Missing character: There is no t (U+0074) in font nullfont!
Missing character: There is no ; (U+003B) in font nullfont!
Missing character: There is no [ (U+005B) in font nullfont!
Missing character: There is no d (U+0064) in font nullfont!
Missing character: There is no e (U+0065) in font nullfont!
Missing character: There is no c (U+0063) in font nullfont!
Missing character: There is no i (U+0069) in font nullfont!
Missing character: There is no s (U+0073) in font nullfont!
Missing character: There is no i (U+0069) in font nullfont!
Missing character: There is no o (U+006F) in font nullfont!
Missing character: There is no n (U+006E) in font nullfont!
Missing character: There is no , (U+002C) in font nullfont!
Missing character: There is no b (U+0062) in font nullfont!
Missing character: There is no e (U+0065) in font nullfont!
Missing character: There is no l (U+006C) in font nullfont!
Missing character: There is no o (U+006F) in font nullfont!
Missing character: There is no w (U+0077) in font nullfont!
Missing character: There is no = (U+003D) in font nullfont!
Missing character: There is no o (U+006F) in font nullfont!
Missing character: There is no f (U+0066) in font nullfont!
Missing character: There is no s (U+0073) in font nullfont!
Missing character: There is no t (U+0074) in font nullfont!
Missing character: There is no e (U+0065) in font nullfont!
Missing character: There is no p (U+0070) in font nullfont!
Missing character: There is no 4 (U+0034) in font nullfont!
Missing character: There is no ] (U+005D) in font nullfont!
Missing character: There is no ( (U+0028) in font nullfont!
Missing character: There is no d (U+0064) in font nullfont!
Missing character: There is no e (U+0065) in font nullfont!
Missing character: There is no c (U+0063) in font nullfont!
Missing character: There is no 2 (U+0032) in font nullfont!
Missing character: There is no ) (U+0029) in font nullfont!
Missing character: There is no Q (U+0051) in font nullfont!
Missing character: There is no u (U+0075) in font nullfont!
Missing character: There is no ả (U+1EA3) in font nullfont!
Missing character: There is no n (U+006E) in font nullfont!
Missing character: There is no l (U+006C) in font nullfont!
Missing character: There is no ý (U+00FD) in font nullfont!

! LaTeX Error: Missing \begin{document}.

See the LaTeX manual or LaTeX Companion for explanation.
Type  H <return>  for immediate help.
 ...                                              
                                                  
l.44 }
      
You're in trouble here.  Try typing  <return>  to proceed.
If that doesn't work, type  X <return>  to quit.

! Undefined control sequence.
<argument> ...dec2) {Quản lý\\duyệt?}; \node 
                                                  [process, below=of dec2] (...
l.44 }
      
The control sequence at the end of the top line
of your error message was never \def'ed. If you have
misspelled it (e.g., `\hobx'), type `I' and the correct
spelling (e.g., `I\hbox'). Otherwise just continue,
and I'll forget about whatever was undefined.

! Undefined control sequence.
<argument> ...p5) {Cập nhật tồn kho}; \node 
                                                  [process, below=of step5] ...
l.44 }
      
The control sequence at the end of the top line
of your error message was never \def'ed. If you have
misspelled it (e.g., `\hobx'), type `I' and the correct
spelling (e.g., `I\hbox'). Otherwise just continue,
and I'll forget about whatever was undefined.

! Undefined control sequence.
<argument> ... (step6) {In phiếu nhập}; \node 
                                                  [startstop, below=of step6...
l.44 }
      
The control sequence at the end of the top line
of your error message was never \def'ed. If you have
misspelled it (e.g., `\hobx'), type `I' and the correct
spelling (e.g., `I\hbox'). Otherwise just continue,
and I'll forget about whatever was undefined.

Missing character: There is no d (U+0064) in font nullfont!
Missing character: There is no u (U+0075) in font nullfont!
Missing character: There is no y (U+0079) in font nullfont!
Missing character: There is no ệ (U+1EC7) in font nullfont!
Missing character: There is no t (U+0074) in font nullfont!
Missing character: There is no ? (U+003F) in font nullfont!
Missing character: There is no ; (U+003B) in font nullfont!
Missing character: There is no [ (U+005B) in font nullfont!
Missing character: There is no p (U+0070) in font nullfont!
Missing character: There is no r (U+0072) in font nullfont!
Missing character: There is no o (U+006F) in font nullfont!
Missing character: There is no c (U+0063) in font nullfont!
Missing character: There is no e (U+0065) in font nullfont!
Missing character: There is no s (U+0073) in font nullfont!
Missing character: There is no s (U+0073) in font nullfont!
Missing character: There is no , (U+002C) in font nullfont!
Missing character: There is no b (U+0062) in font nullfont!
Missing character: There is no e (U+0065) in font nullfont!
Missing character: There is no l (U+006C) in font nullfont!
Missing character: There is no o (U+006F) in font nullfont!
Missing character: There is no w (U+0077) in font nullfont!
Missing character: There is no = (U+003D) in font nullfont!
Missing character: There is no o (U+006F) in font nullfont!
Missing character: There is no f (U+0066) in font nullfont!
Missing character: There is no d (U+0064) in font nullfont!
Missing character: There is no e (U+0065) in font nullfont!
Missing character: There is no c (U+0063) in font nullfont!
Missing character: There is no 2 (U+0032) in font nullfont!
Missing character: There is no ] (U+005D) in font nullfont!
Missing character: There is no ( (U+0028) in font nullfont!
Missing character: There is no s (U+0073) in font nullfont!
Missing character: There is no t (U+0074) in font nullfont!
Missing character: There is no e (U+0065) in font nullfont!
Missing character: There is no p (U+0070) in font nullfont!
Missing character: There is no 5 (U+0035) in font nullfont!
Missing character: There is no ) (U+0029) in font nullfont!
Missing character: There is no C (U+0043) in font nullfont!
Missing character: There is no ậ (U+1EAD) in font nullfont!
Missing character: There is no p (U+0070) in font nullfont!
Missing character: There is no n (U+006E) in font nullfont!
Missing character: There is no h (U+0068) in font nullfont!
Missing character: There is no ậ (U+1EAD) in font nullfont!
Missing character: There is no t (U+0074) in font nullfont!
Missing character: There is no t (U+0074) in font nullfont!
Missing character: There is no ồ (U+1ED3) in font nullfont!
Missing character: There is no n (U+006E) in font nullfont!
Missing character: There is no k (U+006B) in font nullfont!
Missing character: There is no h (U+0068) in font nullfont!
Missing character: There is no o (U+006F) in font nullfont!
Missing character: There is no ; (U+003B) in font nullfont!
Missing character: There is no [ (U+005B) in font nullfont!
Missing character: There is no p (U+0070) in font nullfont!
Missing character: There is no r (U+0072) in font nullfont!
Missing character: There is no o (U+006F) in font nullfont!
Missing character: There is no c (U+0063) in font nullfont!
Missing character: There is no e (U+0065) in font nullfont!
Missing character: There is no s (U+0073) in font nullfont!
Missing character: There is no s (U+0073) in font nullfont!
Missing character: There is no , (U+002C) in font nullfont!
Missing character: There is no b (U+0062) in font nullfont!
Missing character: There is no e (U+0065) in font nullfont!
Missing character: There is no l (U+006C) in font nullfont!
Missing character: There is no o (U+006F) in font nullfont!
Missing character: There is no w (U+0077) in font nullfont!
Missing character: There is no = (U+003D) in font nullfont!
Missing character: There is no o (U+006F) in font nullfont!
Missing character: There is no f (U+0066) in font nullfont!
Missing character: There is no s (U+0073) in font nullfont!
Missing character: There is no t (U+0074) in font nullfont!
Missing character: There is no e (U+0065) in font nullfont!
Missing character: There is no p (U+0070) in font nullfont!
Missing character: There is no 5 (U+0035) in font nullfont!
Missing character: There is no ] (U+005D) in font nullfont!
Missing character: There is no ( (U+0028) in font nullfont!
Missing character: There is no s (U+0073) in font nullfont!
Missing character: There is no t (U+0074) in font nullfont!
Missing character: There is no e (U+0065) in font nullfont!
Missing character: There is no p (U+0070) in font nullfont!
Missing character: There is no 6 (U+0036) in font nullfont!
Missing character: There is no ) (U+0029) in font nullfont!
Missing character: There is no I (U+0049) in font nullfont!
Missing character: There is no n (U+006E) in font nullfont!
Missing character: There is no p (U+0070) in font nullfont!
Missing character: There is no h (U+0068) in font nullfont!
Missing character: There is no i (U+0069) in font nullfont!
Missing character: There is no ế (U+1EBF) in font nullfont!
Missing character: There is no u (U+0075) in font nullfont!
Missing character: There is no n (U+006E) in font nullfont!
Missing character: There is no h (U+0068) in font nullfont!
Missing character: There is no ậ (U+1EAD) in font nullfont!
Missing character: There is no p (U+0070) in font nullfont!
Missing character: There is no ; (U+003B) in font nullfont!
Missing character: There is no [ (U+005B) in font nullfont!
Missing character: There is no s (U+0073) in font nullfont!
Missing character: There is no t (U+0074) in font nullfont!
Missing character: There is no a (U+0061) in font nullfont!
Missing character: There is no r (U+0072) in font nullfont!
Missing character: There is no t (U+0074) in font nullfont!
Missing character: There is no s (U+0073) in font nullfont!
Missing character: There is no t (U+0074) in font nullfont!
Missing character: There is no o (U+006F) in font nullfont!
Missing character: There is no p (U+0070) in font nullfont!
Missing character: There is no , (U+002C) in font nullfont!
Missing character: There is no b (U+0062) in font nullfont!
Missing character: There is no e (U+0065) in font nullfont!
Missing character: There is no l (U+006C) in font nullfont!
Missing character: There is no o (U+006F) in font nullfont!
Missing character: There is no w (U+0077) in font nullfont!
Missing character: There is no = (U+003D) in font nullfont!
Missing character: There is no o (U+006F) in font nullfont!
Missing character: There is no f (U+0066) in font nullfont!
Missing character: There is no s (U+0073) in font nullfont!
Missing character: There is no t (U+0074) in font nullfont!
Missing character: There is no e (U+0065) in font nullfont!
Missing character: There is no p (U+0070) in font nullfont!
Missing character: There is no 6 (U+0036) in font nullfont!
Missing character: There is no ] (U+005D) in font nullfont!
Missing character: There is no ( (U+0028) in font nullfont!
Missing character: There is no e (U+0065) in font nullfont!
Missing character: There is no n (U+006E) in font nullfont!
Missing character: There is no d (U+0064) in font nullfont!
Missing character: There is no ) (U+0029) in font nullfont!
Missing character: There is no K (U+004B) in font nullfont!
Missing character: There is no ế (U+1EBF) in font nullfont!
Missing character: There is no t (U+0074) in font nullfont!
Missing character: There is no t (U+0074) in font nullfont!
Missing character: There is no h (U+0068) in font nullfont!
Missing character: There is no ú (U+00FA) in font nullfont!
Missing character: There is no c (U+0063) in font nullfont!
Missing character: There is no ; (U+003B) in font nullfont!
Missing character: There is no d (U+0064) in font nullfont!
Missing character: There is no u (U+0075) in font nullfont!
Missing character: There is no y (U+0079) in font nullfont!
Missing character: There is no ệ (U+1EC7) in font nullfont!
Missing character: There is no t (U+0074) in font nullfont!
Missing character: There is no ? (U+003F) in font nullfont!
Missing character: There is no ; (U+003B) in font nullfont!
Missing character: There is no [ (U+005B) in font nullfont!
Missing character: There is no p (U+0070) in font nullfont!
Missing character: There is no r (U+0072) in font nullfont!
Missing character: There is no o (U+006F) in font nullfont!
Missing character: There is no c (U+0063) in font nullfont!
Missing character: There is no e (U+0065) in font nullfont!
Missing character: There is no s (U+0073) in font nullfont!
Missing character: There is no s (U+0073) in font nullfont!
Missing character: There is no , (U+002C) in font nullfont!
Missing character: There is no b (U+0062) in font nullfont!
Missing character: There is no e (U+0065) in font nullfont!
Missing character: There is no l (U+006C) in font nullfont!
Missing character: There is no o (U+006F) in font nullfont!
Missing character: There is no w (U+0077) in font nullfont!
Missing character: There is no = (U+003D) in font nullfont!
Missing character: There is no o (U+006F) in font nullfont!
Missing character: There is no f (U+0066) in font nullfont!
Missing character: There is no d (U+0064) in font nullfont!
Missing character: There is no e (U+0065) in font nullfont!
Missing character: There is no c (U+0063) in font nullfont!
Missing character: There is no 2 (U+0032) in font nullfont!
Missing character: There is no ] (U+005D) in font nullfont!
Missing character: There is no ( (U+0028) in font nullfont!
Missing character: There is no s (U+0073) in font nullfont!
Missing character: There is no t (U+0074) in font nullfont!
Missing character: There is no e (U+0065) in font nullfont!
Missing character: There is no p (U+0070) in font nullfont!
Missing character: There is no 5 (U+0035) in font nullfont!
Missing character: There is no ) (U+0029) in font nullfont!
Missing character: There is no C (U+0043) in font nullfont!
Missing character: There is no ậ (U+1EAD) in font nullfont!
Missing character: There is no p (U+0070) in font nullfont!
Missing character: There is no n (U+006E) in font nullfont!
Missing character: There is no h (U+0068) in font nullfont!
Missing character: There is no ậ (U+1EAD) in font nullfont!
Missing character: There is no t (U+0074) in font nullfont!
Missing character: There is no t (U+0074) in font nullfont!
Missing character: There is no ồ (U+1ED3) in font nullfont!
Missing character: There is no n (U+006E) in font nullfont!
Missing character: There is no k (U+006B) in font nullfont!
Missing character: There is no h (U+0068) in font nullfont!
Missing character: There is no o (U+006F) in font nullfont!
Missing character: There is no ; (U+003B) in font nullfont!
Missing character: There is no [ (U+005B) in font nullfont!
Missing character: There is no p (U+0070) in font nullfont!
Missing character: There is no r (U+0072) in font nullfont!
Missing character: There is no o (U+006F) in font nullfont!
Missing character: There is no c (U+0063) in font nullfont!
Missing character: There is no e (U+0065) in font nullfont!
Missing character: There is no s (U+0073) in font nullfont!
Missing character: There is no s (U+0073) in font nullfont!
Missing character: There is no , (U+002C) in font nullfont!
Missing character: There is no b (U+0062) in font nullfont!
Missing character: There is no e (U+0065) in font nullfont!
Missing character: There is no l (U+006C) in font nullfont!
Missing character: There is no o (U+006F) in font nullfont!
Missing character: There is no w (U+0077) in font nullfont!
Missing character: There is no = (U+003D) in font nullfont!
Missing character: There is no o (U+006F) in font nullfont!
Missing character: There is no f (U+0066) in font nullfont!
Missing character: There is no s (U+0073) in font nullfont!
Missing character: There is no t (U+0074) in font nullfont!
Missing character: There is no e (U+0065) in font nullfont!
Missing character: There is no p (U+0070) in font nullfont!
Missing character: There is no 5 (U+0035) in font nullfont!
Missing character: There is no ] (U+005D) in font nullfont!
Missing character: There is no ( (U+0028) in font nullfont!
Missing character: There is no s (U+0073) in font nullfont!
Missing character: There is no t (U+0074) in font nullfont!
Missing character: There is no e (U+0065) in font nullfont!
Missing character: There is no p (U+0070) in font nullfont!
Missing character: There is no 6 (U+0036) in font nullfont!
Missing character: There is no ) (U+0029) in font nullfont!
Missing character: There is no I (U+0049) in font nullfont!
Missing character: There is no n (U+006E) in font nullfont!
Missing character: There is no p (U+0070) in font nullfont!
Missing character: There is no h (U+0068) in font nullfont!
Missing character: There is no i (U+0069) in font nullfont!
Missing character: There is no ế (U+1EBF) in font nullfont!
Missing character: There is no u (U+0075) in font nullfont!
Missing character: There is no n (U+006E) in font nullfont!
Missing character: There is no h (U+0068) in font nullfont!
Missing character: There is no ậ (U+1EAD) in font nullfont!
Missing character: There is no p (U+0070) in font nullfont!
Missing character: There is no ; (U+003B) in font nullfont!
Missing character: There is no [ (U+005B) in font nullfont!
Missing character: There is no s (U+0073) in font nullfont!
Missing character: There is no t (U+0074) in font nullfont!
Missing character: There is no a (U+0061) in font nullfont!
Missing character: There is no r (U+0072) in font nullfont!
Missing character: There is no t (U+0074) in font nullfont!
Missing character: There is no s (U+0073) in font nullfont!
Missing character: There is no t (U+0074) in font nullfont!
Missing character: There is no o (U+006F) in font nullfont!
Missing character: There is no p (U+0070) in font nullfont!
Missing character: There is no , (U+002C) in font nullfont!
Missing character: There is no b (U+0062) in font nullfont!
Missing character: There is no e (U+0065) in font nullfont!
Missing character: There is no l (U+006C) in font nullfont!
Missing character: There is no o (U+006F) in font nullfont!
Missing character: There is no w (U+0077) in font nullfont!
Missing character: There is no = (U+003D) in font nullfont!
Missing character: There is no o (U+006F) in font nullfont!
Missing character: There is no f (U+0066) in font nullfont!
Missing character: There is no s (U+0073) in font nullfont!
Missing character: There is no t (U+0074) in font nullfont!
Missing character: There is no e (U+0065) in font nullfont!
Missing character: There is no p (U+0070) in font nullfont!
Missing character: There is no 6 (U+0036) in font nullfont!
Missing character: There is no ] (U+005D) in font nullfont!
Missing character: There is no ( (U+0028) in font nullfont!
Missing character: There is no e (U+0065) in font nullfont!
Missing character: There is no n (U+006E) in font nullfont!
Missing character: There is no d (U+0064) in font nullfont!
Missing character: There is no ) (U+0029) in font nullfont!
Missing character: There is no K (U+004B) in font nullfont!
Missing character: There is no ế (U+1EBF) in font nullfont!
Missing character: There is no t (U+0074) in font nullfont!
Missing character: There is no t (U+0074) in font nullfont!
Missing character: There is no h (U+0068) in font nullfont!
Missing character: There is no ú (U+00FA) in font nullfont!
Missing character: There is no c (U+0063) in font nullfont!
Missing character: There is no ; (U+003B) in font nullfont!
! Undefined control sequence.
<argument> ...p6] (end) {Kết thúc}; \par \node 
                                                  [process, right=of dec1] (...
l.44 }
      
The control sequence at the end of the top line
of your error message was never \def'ed. If you have
misspelled it (e.g., `\hobx'), type `I' and the correct
spelling (e.g., `I\hbox'). Otherwise just continue,
and I'll forget about whatever was undefined.


! LaTeX Error: Missing \begin{document}.

See the LaTeX manual or LaTeX Companion for explanation.
Type  H <return>  for immediate help.
 ...                                              
                                                  
l.44 }
      
You're in trouble here.  Try typing  <return>  to proceed.
If that doesn't work, type  X <return>  to quit.

Missing character: There is no [ (U+005B) in font nullfont!
Missing character: There is no p (U+0070) in font nullfont!
Missing character: There is no r (U+0072) in font nullfont!
Missing character: There is no o (U+006F) in font nullfont!
Missing character: There is no c (U+0063) in font nullfont!
Missing character: There is no e (U+0065) in font nullfont!
Missing character: There is no s (U+0073) in font nullfont!
Missing character: There is no s (U+0073) in font nullfont!
Missing character: There is no , (U+002C) in font nullfont!
Missing character: There is no r (U+0072) in font nullfont!
Missing character: There is no i (U+0069) in font nullfont!
Missing character: There is no g (U+0067) in font nullfont!
Missing character: There is no h (U+0068) in font nullfont!
Missing character: There is no t (U+0074) in font nullfont!
Missing character: There is no = (U+003D) in font nullfont!
Missing character: There is no o (U+006F) in font nullfont!
Missing character: There is no f (U+0066) in font nullfont!
Missing character: There is no d (U+0064) in font nullfont!
Missing character: There is no e (U+0065) in font nullfont!
Missing character: There is no c (U+0063) in font nullfont!
Missing character: There is no 1 (U+0031) in font nullfont!
Missing character: There is no ] (U+005D) in font nullfont!
Missing character: There is no ( (U+0028) in font nullfont!
Missing character: There is no e (U+0065) in font nullfont!
Missing character: There is no r (U+0072) in font nullfont!
Missing character: There is no r (U+0072) in font nullfont!
Missing character: There is no 1 (U+0031) in font nullfont!
Missing character: There is no ) (U+0029) in font nullfont!
Missing character: There is no T (U+0054) in font nullfont!
Missing character: There is no h (U+0068) in font nullfont!
Missing character: There is no ô (U+00F4) in font nullfont!
Missing character: There is no n (U+006E) in font nullfont!
Missing character: There is no g (U+0067) in font nullfont!
Missing character: There is no b (U+0062) in font nullfont!
Missing character: There is no á (U+00E1) in font nullfont!
Missing character: There is no o (U+006F) in font nullfont!
Missing character: There is no l (U+006C) in font nullfont!
Missing character: There is no ỗ (U+1ED7) in font nullfont!
Missing character: There is no i (U+0069) in font nullfont!
Missing character: There is no [ (U+005B) in font nullfont!
Missing character: There is no p (U+0070) in font nullfont!
Missing character: There is no r (U+0072) in font nullfont!
Missing character: There is no o (U+006F) in font nullfont!
Missing character: There is no c (U+0063) in font nullfont!
Missing character: There is no e (U+0065) in font nullfont!
Missing character: There is no s (U+0073) in font nullfont!
Missing character: There is no s (U+0073) in font nullfont!
Missing character: There is no , (U+002C) in font nullfont!
Missing character: There is no r (U+0072) in font nullfont!
Missing character: There is no i (U+0069) in font nullfont!
Missing character: There is no g (U+0067) in font nullfont!
Missing character: There is no h (U+0068) in font nullfont!
Missing character: There is no t (U+0074) in font nullfont!
Missing character: There is no = (U+003D) in font nullfont!
Missing character: There is no o (U+006F) in font nullfont!
Missing character: There is no f (U+0066) in font nullfont!
Missing character: There is no d (U+0064) in font nullfont!
Missing character: There is no e (U+0065) in font nullfont!
Missing character: There is no c (U+0063) in font nullfont!
Missing character: There is no 1 (U+0031) in font nullfont!
Missing character: There is no ] (U+005D) in font nullfont!
Missing character: There is no ( (U+0028) in font nullfont!
Missing character: There is no e (U+0065) in font nullfont!
Missing character: There is no r (U+0072) in font nullfont!
Missing character: There is no r (U+0072) in font nullfont!
Missing character: There is no 1 (U+0031) in font nullfont!
Missing character: There is no ) (U+0029) in font nullfont!
Missing character: There is no T (U+0054) in font nullfont!
Missing character: There is no h (U+0068) in font nullfont!
Missing character: There is no ô (U+00F4) in font nullfont!
Missing character: There is no n (U+006E) in font nullfont!
Missing character: There is no g (U+0067) in font nullfont!
Missing character: There is no b (U+0062) in font nullfont!
Missing character: There is no á (U+00E1) in font nullfont!
Missing character: There is no o (U+006F) in font nullfont!
Missing character: There is no l (U+006C) in font nullfont!
Missing character: There is no ỗ (U+1ED7) in font nullfont!
Missing character: There is no i (U+0069) in font nullfont!

! LaTeX Error: Missing \begin{document}.

See the LaTeX manual or LaTeX Companion for explanation.
Type  H <return>  for immediate help.
 ...                                              
                                                  
l.44 }
      
You're in trouble here.  Try typing  <return>  to proceed.
If that doesn't work, type  X <return>  to quit.

! Undefined control sequence.
<argument> ...i\\yêu cầu nhập lại}; \node 
                                                  [process, right=of dec2] (...
l.44 }
      
The control sequence at the end of the top line
of your error message was never \def'ed. If you have
misspelled it (e.g., `\hobx'), type `I' and the correct
spelling (e.g., `I\hbox'). Otherwise just continue,
and I'll forget about whatever was undefined.

Missing character: There is no y (U+0079) in font nullfont!
Missing character: There is no ê (U+00EA) in font nullfont!
Missing character: There is no u (U+0075) in font nullfont!
Missing character: There is no c (U+0063) in font nullfont!
Missing character: There is no ầ (U+1EA7) in font nullfont!
Missing character: There is no u (U+0075) in font nullfont!
Missing character: There is no n (U+006E) in font nullfont!
Missing character: There is no h (U+0068) in font nullfont!
Missing character: There is no ậ (U+1EAD) in font nullfont!
Missing character: There is no p (U+0070) in font nullfont!
Missing character: There is no l (U+006C) in font nullfont!
Missing character: There is no ạ (U+1EA1) in font nullfont!
Missing character: There is no i (U+0069) in font nullfont!
Missing character: There is no ; (U+003B) in font nullfont!
Missing character: There is no [ (U+005B) in font nullfont!
Missing character: There is no p (U+0070) in font nullfont!
Missing character: There is no r (U+0072) in font nullfont!
Missing character: There is no o (U+006F) in font nullfont!
Missing character: There is no c (U+0063) in font nullfont!
Missing character: There is no e (U+0065) in font nullfont!
Missing character: There is no s (U+0073) in font nullfont!
Missing character: There is no s (U+0073) in font nullfont!
Missing character: There is no , (U+002C) in font nullfont!
Missing character: There is no r (U+0072) in font nullfont!
Missing character: There is no i (U+0069) in font nullfont!
Missing character: There is no g (U+0067) in font nullfont!
Missing character: There is no h (U+0068) in font nullfont!
Missing character: There is no t (U+0074) in font nullfont!
Missing character: There is no = (U+003D) in font nullfont!
Missing character: There is no o (U+006F) in font nullfont!
Missing character: There is no f (U+0066) in font nullfont!
Missing character: There is no d (U+0064) in font nullfont!
Missing character: There is no e (U+0065) in font nullfont!
Missing character: There is no c (U+0063) in font nullfont!
Missing character: There is no 2 (U+0032) in font nullfont!
Missing character: There is no ] (U+005D) in font nullfont!
Missing character: There is no ( (U+0028) in font nullfont!
Missing character: There is no e (U+0065) in font nullfont!
Missing character: There is no r (U+0072) in font nullfont!
Missing character: There is no r (U+0072) in font nullfont!
Missing character: There is no 2 (U+0032) in font nullfont!
Missing character: There is no ) (U+0029) in font nullfont!
Missing character: There is no T (U+0054) in font nullfont!
Missing character: There is no h (U+0068) in font nullfont!
Missing character: There is no ô (U+00F4) in font nullfont!
Missing character: There is no n (U+006E) in font nullfont!
Missing character: There is no g (U+0067) in font nullfont!
Missing character: There is no b (U+0062) in font nullfont!
Missing character: There is no á (U+00E1) in font nullfont!
Missing character: There is no o (U+006F) in font nullfont!
Missing character: There is no t (U+0074) in font nullfont!
Missing character: There is no ừ (U+1EEB) in font nullfont!
Missing character: There is no c (U+0063) in font nullfont!
Missing character: There is no h (U+0068) in font nullfont!
Missing character: There is no ố (U+1ED1) in font nullfont!
Missing character: There is no i (U+0069) in font nullfont!
Missing character: There is no y (U+0079) in font nullfont!
Missing character: There is no ê (U+00EA) in font nullfont!
Missing character: There is no u (U+0075) in font nullfont!
Missing character: There is no c (U+0063) in font nullfont!
Missing character: There is no ầ (U+1EA7) in font nullfont!
Missing character: There is no u (U+0075) in font nullfont!
Missing character: There is no n (U+006E) in font nullfont!
Missing character: There is no h (U+0068) in font nullfont!
Missing character: There is no ậ (U+1EAD) in font nullfont!
Missing character: There is no p (U+0070) in font nullfont!
Missing character: There is no l (U+006C) in font nullfont!
Missing character: There is no ạ (U+1EA1) in font nullfont!
Missing character: There is no i (U+0069) in font nullfont!
Missing character: There is no ; (U+003B) in font nullfont!
Missing character: There is no [ (U+005B) in font nullfont!
Missing character: There is no p (U+0070) in font nullfont!
Missing character: There is no r (U+0072) in font nullfont!
Missing character: There is no o (U+006F) in font nullfont!
Missing character: There is no c (U+0063) in font nullfont!
Missing character: There is no e (U+0065) in font nullfont!
Missing character: There is no s (U+0073) in font nullfont!
Missing character: There is no s (U+0073) in font nullfont!
Missing character: There is no , (U+002C) in font nullfont!
Missing character: There is no r (U+0072) in font nullfont!
Missing character: There is no i (U+0069) in font nullfont!
Missing character: There is no g (U+0067) in font nullfont!
Missing character: There is no h (U+0068) in font nullfont!
Missing character: There is no t (U+0074) in font nullfont!
Missing character: There is no = (U+003D) in font nullfont!
Missing character: There is no o (U+006F) in font nullfont!
Missing character: There is no f (U+0066) in font nullfont!
Missing character: There is no d (U+0064) in font nullfont!
Missing character: There is no e (U+0065) in font nullfont!
Missing character: There is no c (U+0063) in font nullfont!
Missing character: There is no 2 (U+0032) in font nullfont!
Missing character: There is no ] (U+005D) in font nullfont!
Missing character: There is no ( (U+0028) in font nullfont!
Missing character: There is no e (U+0065) in font nullfont!
Missing character: There is no r (U+0072) in font nullfont!
Missing character: There is no r (U+0072) in font nullfont!
Missing character: There is no 2 (U+0032) in font nullfont!
Missing character: There is no ) (U+0029) in font nullfont!
Missing character: There is no T (U+0054) in font nullfont!
Missing character: There is no h (U+0068) in font nullfont!
Missing character: There is no ô (U+00F4) in font nullfont!
Missing character: There is no n (U+006E) in font nullfont!
Missing character: There is no g (U+0067) in font nullfont!
Missing character: There is no b (U+0062) in font nullfont!
Missing character: There is no á (U+00E1) in font nullfont!
Missing character: There is no o (U+006F) in font nullfont!
Missing character: There is no t (U+0074) in font nullfont!
Missing character: There is no ừ (U+1EEB) in font nullfont!
Missing character: There is no c (U+0063) in font nullfont!
Missing character: There is no h (U+0068) in font nullfont!
Missing character: There is no ố (U+1ED1) in font nullfont!
Missing character: There is no i (U+0069) in font nullfont!

! LaTeX Error: Missing \begin{document}.

See the LaTeX manual or LaTeX Companion for explanation.
Type  H <return>  for immediate help.
 ...                                              
                                                  
l.44 }
      
You're in trouble here.  Try typing  <return>  to proceed.
If that doesn't work, type  X <return>  to quit.

Missing character: There is no t (U+0074) in font nullfont!
Missing character: There is no r (U+0072) in font nullfont!
Missing character: There is no ả (U+1EA3) in font nullfont!
Missing character: There is no v (U+0076) in font nullfont!
Missing character: There is no ề (U+1EC1) in font nullfont!
Missing character: There is no n (U+006E) in font nullfont!
Missing character: There is no h (U+0068) in font nullfont!
Missing character: There is no â (U+00E2) in font nullfont!
Missing character: There is no n (U+006E) in font nullfont!
Missing character: There is no v (U+0076) in font nullfont!
Missing character: There is no i (U+0069) in font nullfont!
Missing character: There is no ê (U+00EA) in font nullfont!
Missing character: There is no n (U+006E) in font nullfont!
Missing character: There is no ; (U+003B) in font nullfont!
Missing character: There is no t (U+0074) in font nullfont!
Missing character: There is no r (U+0072) in font nullfont!
Missing character: There is no ả (U+1EA3) in font nullfont!
Missing character: There is no v (U+0076) in font nullfont!
Missing character: There is no ề (U+1EC1) in font nullfont!
Missing character: There is no n (U+006E) in font nullfont!
Missing character: There is no h (U+0068) in font nullfont!
Missing character: There is no â (U+00E2) in font nullfont!
Missing character: There is no n (U+006E) in font nullfont!
Missing character: There is no v (U+0076) in font nullfont!
Missing character: There is no i (U+0069) in font nullfont!
Missing character: There is no ê (U+00EA) in font nullfont!
Missing character: There is no n (U+006E) in font nullfont!
Missing character: There is no ; (U+003B) in font nullfont!
! Undefined control sequence.
<argument> ...trả về nhân viên}; \par \draw 
                                                  [arrow] (start) -- (step1)...
l.44 }
      
The control sequence at the end of the top line
of your error message was never \def'ed. If you have
misspelled it (e.g., `\hobx'), type `I' and the correct
spelling (e.g., `I\hbox'). Otherwise just continue,
and I'll forget about whatever was undefined.


! LaTeX Error: Missing \begin{document}.

See the LaTeX manual or LaTeX Companion for explanation.
Type  H <return>  for immediate help.
 ...                                              
                                                  
l.44 }
      
You're in trouble here.  Try typing  <return>  to proceed.
If that doesn't work, type  X <return>  to quit.

! Undefined control sequence.
<argument> ...w [arrow] (start) -- (step1); \draw 
                                                  [arrow] (step1) -- (step2)...
l.44 }
      
The control sequence at the end of the top line
of your error message was never \def'ed. If you have
misspelled it (e.g., `\hobx'), type `I' and the correct
spelling (e.g., `I\hbox'). Otherwise just continue,
and I'll forget about whatever was undefined.

! Undefined control sequence.
<argument> ...w [arrow] (step1) -- (step2); \draw 
                                                  [arrow] (step2) -- (step3)...
l.44 }
      
The control sequence at the end of the top line
of your error message was never \def'ed. If you have
misspelled it (e.g., `\hobx'), type `I' and the correct
spelling (e.g., `I\hbox'). Otherwise just continue,
and I'll forget about whatever was undefined.

! Undefined control sequence.
<argument> ...w [arrow] (step2) -- (step3); \draw 
                                                  [arrow] (step3) -- (dec1);...
l.44 }
      
The control sequence at the end of the top line
of your error message was never \def'ed. If you have
misspelled it (e.g., `\hobx'), type `I' and the correct
spelling (e.g., `I\hbox'). Otherwise just continue,
and I'll forget about whatever was undefined.

! Undefined control sequence.
<argument> ...aw [arrow] (step3) -- (dec1); \draw 
                                                  [arrow] (dec1) -- node[rig...
l.44 }
      
The control sequence at the end of the top line
of your error message was never \def'ed. If you have
misspelled it (e.g., `\hobx'), type `I' and the correct
spelling (e.g., `I\hbox'). Otherwise just continue,
and I'll forget about whatever was undefined.

! Undefined control sequence.
<argument> ...w] (dec1) -- node[right, font=\tiny 
                                                  ] {Có} (step4); \draw [ar...
l.44 }
      
The control sequence at the end of the top line
of your error message was never \def'ed. If you have
misspelled it (e.g., `\hobx'), type `I' and the correct
spelling (e.g., `I\hbox'). Otherwise just continue,
and I'll forget about whatever was undefined.

! Undefined control sequence.
<argument> ..., font=\tiny ] {Có} (step4); \draw 
                                                  [arrow] (dec1) -- node[abo...
l.44 }
      
The control sequence at the end of the top line
of your error message was never \def'ed. If you have
misspelled it (e.g., `\hobx'), type `I' and the correct
spelling (e.g., `I\hbox'). Otherwise just continue,
and I'll forget about whatever was undefined.

! Undefined control sequence.
<argument> ...w] (dec1) -- node[above, font=\tiny 
                                                  ] {Không} (err1); \draw [...
l.44 }
      
The control sequence at the end of the top line
of your error message was never \def'ed. If you have
misspelled it (e.g., `\hobx'), type `I' and the correct
spelling (e.g., `I\hbox'). Otherwise just continue,
and I'll forget about whatever was undefined.

! Undefined control sequence.
<argument> ...font=\tiny ] {Không} (err1); \draw 
                                                  [arrow] (err1) |- (step2);...
l.44 }
      
The control sequence at the end of the top line
of your error message was never \def'ed. If you have
misspelled it (e.g., `\hobx'), type `I' and the correct
spelling (e.g., `I\hbox'). Otherwise just continue,
and I'll forget about whatever was undefined.

! Undefined control sequence.
<argument> ...aw [arrow] (err1) |- (step2); \draw 
                                                  [arrow] (step4) -- (dec2);...
l.44 }
      
The control sequence at the end of the top line
of your error message was never \def'ed. If you have
misspelled it (e.g., `\hobx'), type `I' and the correct
spelling (e.g., `I\hbox'). Otherwise just continue,
and I'll forget about whatever was undefined.

! Undefined control sequence.
<argument> ...aw [arrow] (step4) -- (dec2); \draw 
                                                  [arrow] (dec2) -- node[rig...
l.44 }
      
The control sequence at the end of the top line
of your error message was never \def'ed. If you have
misspelled it (e.g., `\hobx'), type `I' and the correct
spelling (e.g., `I\hbox'). Otherwise just continue,
and I'll forget about whatever was undefined.

! Undefined control sequence.
<argument> ...w] (dec2) -- node[right, font=\tiny 
                                                  ] {Có} (step5); \draw [ar...
l.44 }
      
The control sequence at the end of the top line
of your error message was never \def'ed. If you have
misspelled it (e.g., `\hobx'), type `I' and the correct
spelling (e.g., `I\hbox'). Otherwise just continue,
and I'll forget about whatever was undefined.

! Undefined control sequence.
<argument> ..., font=\tiny ] {Có} (step5); \draw 
                                                  [arrow] (dec2) -- node[abo...
l.44 }
      
The control sequence at the end of the top line
of your error message was never \def'ed. If you have
misspelled it (e.g., `\hobx'), type `I' and the correct
spelling (e.g., `I\hbox'). Otherwise just continue,
and I'll forget about whatever was undefined.

! Undefined control sequence.
<argument> ...w] (dec2) -- node[above, font=\tiny 
                                                  ] {Không} (err2); \draw [...
l.44 }
      
The control sequence at the end of the top line
of your error message was never \def'ed. If you have
misspelled it (e.g., `\hobx'), type `I' and the correct
spelling (e.g., `I\hbox'). Otherwise just continue,
and I'll forget about whatever was undefined.

! Undefined control sequence.
<argument> ...font=\tiny ] {Không} (err2); \draw 
                                                  [arrow] (err2) |- (step1);...
l.44 }
      
The control sequence at the end of the top line
of your error message was never \def'ed. If you have
misspelled it (e.g., `\hobx'), type `I' and the correct
spelling (e.g., `I\hbox'). Otherwise just continue,
and I'll forget about whatever was undefined.

! Undefined control sequence.
<argument> ...aw [arrow] (err2) |- (step1); \draw 
                                                  [arrow] (step5) -- (step6)...
l.44 }
      
The control sequence at the end of the top line
of your error message was never \def'ed. If you have
misspelled it (e.g., `\hobx'), type `I' and the correct
spelling (e.g., `I\hbox'). Otherwise just continue,
and I'll forget about whatever was undefined.

! Undefined control sequence.
<argument> ...w [arrow] (step5) -- (step6); \draw 
                                                  [arrow] (step6) -- (end); ...
l.44 }
      
The control sequence at the end of the top line
of your error message was never \def'ed. If you have
misspelled it (e.g., `\hobx'), type `I' and the correct
spelling (e.g., `I\hbox'). Otherwise just continue,
and I'll forget about whatever was undefined.

Missing character: There is no [ (U+005B) in font nullfont!
Missing character: There is no a (U+0061) in font nullfont!
Missing character: There is no r (U+0072) in font nullfont!
Missing character: There is no r (U+0072) in font nullfont!
Missing character: There is no o (U+006F) in font nullfont!
Missing character: There is no w (U+0077) in font nullfont!
Missing character: There is no ] (U+005D) in font nullfont!
Missing character: There is no ( (U+0028) in font nullfont!
Missing character: There is no s (U+0073) in font nullfont!
Missing character: There is no t (U+0074) in font nullfont!
Missing character: There is no a (U+0061) in font nullfont!
Missing character: There is no r (U+0072) in font nullfont!
Missing character: There is no t (U+0074) in font nullfont!
Missing character: There is no ) (U+0029) in font nullfont!
Missing character: There is no - (U+002D) in font nullfont!
Missing character: There is no - (U+002D) in font nullfont!
Missing character: There is no ( (U+0028) in font nullfont!
Missing character: There is no s (U+0073) in font nullfont!
Missing character: There is no t (U+0074) in font nullfont!
Missing character: There is no e (U+0065) in font nullfont!
Missing character: There is no p (U+0070) in font nullfont!
Missing character: There is no 1 (U+0031) in font nullfont!
Missing character: There is no ) (U+0029) in font nullfont!
Missing character: There is no ; (U+003B) in font nullfont!
Missing character: There is no [ (U+005B) in font nullfont!
Missing character: There is no a (U+0061) in font nullfont!
Missing character: There is no r (U+0072) in font nullfont!
Missing character: There is no r (U+0072) in font nullfont!
Missing character: There is no o (U+006F) in font nullfont!
Missing character: There is no w (U+0077) in font nullfont!
Missing character: There is no ] (U+005D) in font nullfont!
Missing character: There is no ( (U+0028) in font nullfont!
Missing character: There is no s (U+0073) in font nullfont!
Missing character: There is no t (U+0074) in font nullfont!
Missing character: There is no e (U+0065) in font nullfont!
Missing character: There is no p (U+0070) in font nullfont!
Missing character: There is no 1 (U+0031) in font nullfont!
Missing character: There is no ) (U+0029) in font nullfont!
Missing character: There is no - (U+002D) in font nullfont!
Missing character: There is no - (U+002D) in font nullfont!
Missing character: There is no ( (U+0028) in font nullfont!
Missing character: There is no s (U+0073) in font nullfont!
Missing character: There is no t (U+0074) in font nullfont!
Missing character: There is no e (U+0065) in font nullfont!
Missing character: There is no p (U+0070) in font nullfont!
Missing character: There is no 2 (U+0032) in font nullfont!
Missing character: There is no ) (U+0029) in font nullfont!
Missing character: There is no ; (U+003B) in font nullfont!
Missing character: There is no [ (U+005B) in font nullfont!
Missing character: There is no a (U+0061) in font nullfont!
Missing character: There is no r (U+0072) in font nullfont!
Missing character: There is no r (U+0072) in font nullfont!
Missing character: There is no o (U+006F) in font nullfont!
Missing character: There is no w (U+0077) in font nullfont!
Missing character: There is no ] (U+005D) in font nullfont!
Missing character: There is no ( (U+0028) in font nullfont!
Missing character: There is no s (U+0073) in font nullfont!
Missing character: There is no t (U+0074) in font nullfont!
Missing character: There is no e (U+0065) in font nullfont!
Missing character: There is no p (U+0070) in font nullfont!
Missing character: There is no 2 (U+0032) in font nullfont!
Missing character: There is no ) (U+0029) in font nullfont!
Missing character: There is no - (U+002D) in font nullfont!
Missing character: There is no - (U+002D) in font nullfont!
Missing character: There is no ( (U+0028) in font nullfont!
Missing character: There is no s (U+0073) in font nullfont!
Missing character: There is no t (U+0074) in font nullfont!
Missing character: There is no e (U+0065) in font nullfont!
Missing character: There is no p (U+0070) in font nullfont!
Missing character: There is no 3 (U+0033) in font nullfont!
Missing character: There is no ) (U+0029) in font nullfont!
Missing character: There is no ; (U+003B) in font nullfont!
Missing character: There is no [ (U+005B) in font nullfont!
Missing character: There is no a (U+0061) in font nullfont!
Missing character: There is no r (U+0072) in font nullfont!
Missing character: There is no r (U+0072) in font nullfont!
Missing character: There is no o (U+006F) in font nullfont!
Missing character: There is no w (U+0077) in font nullfont!
Missing character: There is no ] (U+005D) in font nullfont!
Missing character: There is no ( (U+0028) in font nullfont!
Missing character: There is no s (U+0073) in font nullfont!
Missing character: There is no t (U+0074) in font nullfont!
Missing character: There is no e (U+0065) in font nullfont!
Missing character: There is no p (U+0070) in font nullfont!
Missing character: There is no 3 (U+0033) in font nullfont!
Missing character: There is no ) (U+0029) in font nullfont!
Missing character: There is no - (U+002D) in font nullfont!
Missing character: There is no - (U+002D) in font nullfont!
Missing character: There is no ( (U+0028) in font nullfont!
Missing character: There is no d (U+0064) in font nullfont!
Missing character: There is no e (U+0065) in font nullfont!
Missing character: There is no c (U+0063) in font nullfont!
Missing character: There is no 1 (U+0031) in font nullfont!
Missing character: There is no ) (U+0029) in font nullfont!
Missing character: There is no ; (U+003B) in font nullfont!
Missing character: There is no [ (U+005B) in font nullfont!
Missing character: There is no a (U+0061) in font nullfont!
Missing character: There is no r (U+0072) in font nullfont!
Missing character: There is no r (U+0072) in font nullfont!
Missing character: There is no o (U+006F) in font nullfont!
Missing character: There is no w (U+0077) in font nullfont!
Missing character: There is no ] (U+005D) in font nullfont!
Missing character: There is no ( (U+0028) in font nullfont!
Missing character: There is no d (U+0064) in font nullfont!
Missing character: There is no e (U+0065) in font nullfont!
Missing character: There is no c (U+0063) in font nullfont!
Missing character: There is no 1 (U+0031) in font nullfont!
Missing character: There is no ) (U+0029) in font nullfont!
Missing character: There is no - (U+002D) in font nullfont!
Missing character: There is no - (U+002D) in font nullfont!
Missing character: There is no n (U+006E) in font nullfont!
Missing character: There is no o (U+006F) in font nullfont!
Missing character: There is no d (U+0064) in font nullfont!
Missing character: There is no e (U+0065) in font nullfont!
Missing character: There is no [ (U+005B) in font nullfont!
Missing character: There is no r (U+0072) in font nullfont!
Missing character: There is no i (U+0069) in font nullfont!
Missing character: There is no g (U+0067) in font nullfont!
Missing character: There is no h (U+0068) in font nullfont!
Missing character: There is no t (U+0074) in font nullfont!
Missing character: There is no , (U+002C) in font nullfont!
Missing character: There is no f (U+0066) in font nullfont!
Missing character: There is no o (U+006F) in font nullfont!
Missing character: There is no n (U+006E) in font nullfont!
Missing character: There is no t (U+0074) in font nullfont!
Missing character: There is no = (U+003D) in font nullfont!
Missing character: There is no ] (U+005D) in font nullfont!
Missing character: There is no C (U+0043) in font nullfont!
Missing character: There is no ó (U+00F3) in font nullfont!
Missing character: There is no ( (U+0028) in font nullfont!
Missing character: There is no s (U+0073) in font nullfont!
Missing character: There is no t (U+0074) in font nullfont!
Missing character: There is no e (U+0065) in font nullfont!
Missing character: There is no p (U+0070) in font nullfont!
Missing character: There is no 4 (U+0034) in font nullfont!
Missing character: There is no ) (U+0029) in font nullfont!
Missing character: There is no ; (U+003B) in font nullfont!
Missing character: There is no [ (U+005B) in font nullfont!
Missing character: There is no a (U+0061) in font nullfont!
Missing character: There is no r (U+0072) in font nullfont!
Missing character: There is no r (U+0072) in font nullfont!
Missing character: There is no o (U+006F) in font nullfont!
Missing character: There is no w (U+0077) in font nullfont!
Missing character: There is no ] (U+005D) in font nullfont!
Missing character: There is no ( (U+0028) in font nullfont!
Missing character: There is no d (U+0064) in font nullfont!
Missing character: There is no e (U+0065) in font nullfont!
Missing character: There is no c (U+0063) in font nullfont!
Missing character: There is no 1 (U+0031) in font nullfont!
Missing character: There is no ) (U+0029) in font nullfont!
Missing character: There is no - (U+002D) in font nullfont!
Missing character: There is no - (U+002D) in font nullfont!
Missing character: There is no n (U+006E) in font nullfont!
Missing character: There is no o (U+006F) in font nullfont!
Missing character: There is no d (U+0064) in font nullfont!
Missing character: There is no e (U+0065) in font nullfont!
Missing character: There is no [ (U+005B) in font nullfont!
Missing character: There is no a (U+0061) in font nullfont!
Missing character: There is no b (U+0062) in font nullfont!
Missing character: There is no o (U+006F) in font nullfont!
Missing character: There is no v (U+0076) in font nullfont!
Missing character: There is no e (U+0065) in font nullfont!
Missing character: There is no , (U+002C) in font nullfont!
Missing character: There is no f (U+0066) in font nullfont!
Missing character: There is no o (U+006F) in font nullfont!
Missing character: There is no n (U+006E) in font nullfont!
Missing character: There is no t (U+0074) in font nullfont!
Missing character: There is no = (U+003D) in font nullfont!
Missing character: There is no ] (U+005D) in font nullfont!
Missing character: There is no K (U+004B) in font nullfont!
Missing character: There is no h (U+0068) in font nullfont!
Missing character: There is no ô (U+00F4) in font nullfont!
Missing character: There is no n (U+006E) in font nullfont!
Missing character: There is no g (U+0067) in font nullfont!
Missing character: There is no ( (U+0028) in font nullfont!
Missing character: There is no e (U+0065) in font nullfont!
Missing character: There is no r (U+0072) in font nullfont!
Missing character: There is no r (U+0072) in font nullfont!
Missing character: There is no 1 (U+0031) in font nullfont!
Missing character: There is no ) (U+0029) in font nullfont!
Missing character: There is no ; (U+003B) in font nullfont!
Missing character: There is no [ (U+005B) in font nullfont!
Missing character: There is no a (U+0061) in font nullfont!
Missing character: There is no r (U+0072) in font nullfont!
Missing character: There is no r (U+0072) in font nullfont!
Missing character: There is no o (U+006F) in font nullfont!
Missing character: There is no w (U+0077) in font nullfont!
Missing character: There is no ] (U+005D) in font nullfont!
Missing character: There is no ( (U+0028) in font nullfont!
Missing character: There is no e (U+0065) in font nullfont!
Missing character: There is no r (U+0072) in font nullfont!
Missing character: There is no r (U+0072) in font nullfont!
Missing character: There is no 1 (U+0031) in font nullfont!
Missing character: There is no ) (U+0029) in font nullfont!
Missing character: There is no | (U+007C) in font nullfont!
Missing character: There is no - (U+002D) in font nullfont!
Missing character: There is no ( (U+0028) in font nullfont!
Missing character: There is no s (U+0073) in font nullfont!
Missing character: There is no t (U+0074) in font nullfont!
Missing character: There is no e (U+0065) in font nullfont!
Missing character: There is no p (U+0070) in font nullfont!
Missing character: There is no 2 (U+0032) in font nullfont!
Missing character: There is no ) (U+0029) in font nullfont!
Missing character: There is no ; (U+003B) in font nullfont!
Missing character: There is no [ (U+005B) in font nullfont!
Missing character: There is no a (U+0061) in font nullfont!
Missing character: There is no r (U+0072) in font nullfont!
Missing character: There is no r (U+0072) in font nullfont!
Missing character: There is no o (U+006F) in font nullfont!
Missing character: There is no w (U+0077) in font nullfont!
Missing character: There is no ] (U+005D) in font nullfont!
Missing character: There is no ( (U+0028) in font nullfont!
Missing character: There is no s (U+0073) in font nullfont!
Missing character: There is no t (U+0074) in font nullfont!
Missing character: There is no e (U+0065) in font nullfont!
Missing character: There is no p (U+0070) in font nullfont!
Missing character: There is no 4 (U+0034) in font nullfont!
Missing character: There is no ) (U+0029) in font nullfont!
Missing character: There is no - (U+002D) in font nullfont!
Missing character: There is no - (U+002D) in font nullfont!
Missing character: There is no ( (U+0028) in font nullfont!
Missing character: There is no d (U+0064) in font nullfont!
Missing character: There is no e (U+0065) in font nullfont!
Missing character: There is no c (U+0063) in font nullfont!
Missing character: There is no 2 (U+0032) in font nullfont!
Missing character: There is no ) (U+0029) in font nullfont!
Missing character: There is no ; (U+003B) in font nullfont!
Missing character: There is no [ (U+005B) in font nullfont!
Missing character: There is no a (U+0061) in font nullfont!
Missing character: There is no r (U+0072) in font nullfont!
Missing character: There is no r (U+0072) in font nullfont!
Missing character: There is no o (U+006F) in font nullfont!
Missing character: There is no w (U+0077) in font nullfont!
Missing character: There is no ] (U+005D) in font nullfont!
Missing character: There is no ( (U+0028) in font nullfont!
Missing character: There is no d (U+0064) in font nullfont!
Missing character: There is no e (U+0065) in font nullfont!
Missing character: There is no c (U+0063) in font nullfont!
Missing character: There is no 2 (U+0032) in font nullfont!
Missing character: There is no ) (U+0029) in font nullfont!
Missing character: There is no - (U+002D) in font nullfont!
Missing character: There is no - (U+002D) in font nullfont!
Missing character: There is no n (U+006E) in font nullfont!
Missing character: There is no o (U+006F) in font nullfont!
Missing character: There is no d (U+0064) in font nullfont!
Missing character: There is no e (U+0065) in font nullfont!
Missing character: There is no [ (U+005B) in font nullfont!
Missing character: There is no r (U+0072) in font nullfont!
Missing character: There is no i (U+0069) in font nullfont!
Missing character: There is no g (U+0067) in font nullfont!
Missing character: There is no h (U+0068) in font nullfont!
Missing character: There is no t (U+0074) in font nullfont!
Missing character: There is no , (U+002C) in font nullfont!
Missing character: There is no f (U+0066) in font nullfont!
Missing character: There is no o (U+006F) in font nullfont!
Missing character: There is no n (U+006E) in font nullfont!
Missing character: There is no t (U+0074) in font nullfont!
Missing character: There is no = (U+003D) in font nullfont!
Missing character: There is no ] (U+005D) in font nullfont!
Missing character: There is no C (U+0043) in font nullfont!
Missing character: There is no ó (U+00F3) in font nullfont!
Missing character: There is no ( (U+0028) in font nullfont!
Missing character: There is no s (U+0073) in font nullfont!
Missing character: There is no t (U+0074) in font nullfont!
Missing character: There is no e (U+0065) in font nullfont!
Missing character: There is no p (U+0070) in font nullfont!
Missing character: There is no 5 (U+0035) in font nullfont!
Missing character: There is no ) (U+0029) in font nullfont!
Missing character: There is no ; (U+003B) in font nullfont!
Missing character: There is no [ (U+005B) in font nullfont!
Missing character: There is no a (U+0061) in font nullfont!
Missing character: There is no r (U+0072) in font nullfont!
Missing character: There is no r (U+0072) in font nullfont!
Missing character: There is no o (U+006F) in font nullfont!
Missing character: There is no w (U+0077) in font nullfont!
Missing character: There is no ] (U+005D) in font nullfont!
Missing character: There is no ( (U+0028) in font nullfont!
Missing character: There is no d (U+0064) in font nullfont!
Missing character: There is no e (U+0065) in font nullfont!
Missing character: There is no c (U+0063) in font nullfont!
Missing character: There is no 2 (U+0032) in font nullfont!
Missing character: There is no ) (U+0029) in font nullfont!
Missing character: There is no - (U+002D) in font nullfont!
Missing character: There is no - (U+002D) in font nullfont!
Missing character: There is no n (U+006E) in font nullfont!
Missing character: There is no o (U+006F) in font nullfont!
Missing character: There is no d (U+0064) in font nullfont!
Missing character: There is no e (U+0065) in font nullfont!
Missing character: There is no [ (U+005B) in font nullfont!
Missing character: There is no a (U+0061) in font nullfont!
Missing character: There is no b (U+0062) in font nullfont!
Missing character: There is no o (U+006F) in font nullfont!
Missing character: There is no v (U+0076) in font nullfont!
Missing character: There is no e (U+0065) in font nullfont!
Missing character: There is no , (U+002C) in font nullfont!
Missing character: There is no f (U+0066) in font nullfont!
Missing character: There is no o (U+006F) in font nullfont!
Missing character: There is no n (U+006E) in font nullfont!
Missing character: There is no t (U+0074) in font nullfont!
Missing character: There is no = (U+003D) in font nullfont!
Missing character: There is no ] (U+005D) in font nullfont!
Missing character: There is no K (U+004B) in font nullfont!
Missing character: There is no h (U+0068) in font nullfont!
Missing character: There is no ô (U+00F4) in font nullfont!
Missing character: There is no n (U+006E) in font nullfont!
Missing character: There is no g (U+0067) in font nullfont!
Missing character: There is no ( (U+0028) in font nullfont!
Missing character: There is no e (U+0065) in font nullfont!
Missing character: There is no r (U+0072) in font nullfont!
Missing character: There is no r (U+0072) in font nullfont!
Missing character: There is no 2 (U+0032) in font nullfont!
Missing character: There is no ) (U+0029) in font nullfont!
Missing character: There is no ; (U+003B) in font nullfont!
Missing character: There is no [ (U+005B) in font nullfont!
Missing character: There is no a (U+0061) in font nullfont!
Missing character: There is no r (U+0072) in font nullfont!
Missing character: There is no r (U+0072) in font nullfont!
Missing character: There is no o (U+006F) in font nullfont!
Missing character: There is no w (U+0077) in font nullfont!
Missing character: There is no ] (U+005D) in font nullfont!
Missing character: There is no ( (U+0028) in font nullfont!
Missing character: There is no e (U+0065) in font nullfont!
Missing character: There is no r (U+0072) in font nullfont!
Missing character: There is no r (U+0072) in font nullfont!
Missing character: There is no 2 (U+0032) in font nullfont!
Missing character: There is no ) (U+0029) in font nullfont!
Missing character: There is no | (U+007C) in font nullfont!
Missing character: There is no - (U+002D) in font nullfont!
Missing character: There is no ( (U+0028) in font nullfont!
Missing character: There is no s (U+0073) in font nullfont!
Missing character: There is no t (U+0074) in font nullfont!
Missing character: There is no e (U+0065) in font nullfont!
Missing character: There is no p (U+0070) in font nullfont!
Missing character: There is no 1 (U+0031) in font nullfont!
Missing character: There is no ) (U+0029) in font nullfont!
Missing character: There is no ; (U+003B) in font nullfont!
Missing character: There is no [ (U+005B) in font nullfont!
Missing character: There is no a (U+0061) in font nullfont!
Missing character: There is no r (U+0072) in font nullfont!
Missing character: There is no r (U+0072) in font nullfont!
Missing character: There is no o (U+006F) in font nullfont!
Missing character: There is no w (U+0077) in font nullfont!
Missing character: There is no ] (U+005D) in font nullfont!
Missing character: There is no ( (U+0028) in font nullfont!
Missing character: There is no s (U+0073) in font nullfont!
Missing character: There is no t (U+0074) in font nullfont!
Missing character: There is no e (U+0065) in font nullfont!
Missing character: There is no p (U+0070) in font nullfont!
Missing character: There is no 5 (U+0035) in font nullfont!
Missing character: There is no ) (U+0029) in font nullfont!
Missing character: There is no - (U+002D) in font nullfont!
Missing character: There is no - (U+002D) in font nullfont!
Missing character: There is no ( (U+0028) in font nullfont!
Missing character: There is no s (U+0073) in font nullfont!
Missing character: There is no t (U+0074) in font nullfont!
Missing character: There is no e (U+0065) in font nullfont!
Missing character: There is no p (U+0070) in font nullfont!
Missing character: There is no 6 (U+0036) in font nullfont!
Missing character: There is no ) (U+0029) in font nullfont!
Missing character: There is no ; (U+003B) in font nullfont!
Missing character: There is no [ (U+005B) in font nullfont!
Missing character: There is no a (U+0061) in font nullfont!
Missing character: There is no r (U+0072) in font nullfont!
Missing character: There is no r (U+0072) in font nullfont!
Missing character: There is no o (U+006F) in font nullfont!
Missing character: There is no w (U+0077) in font nullfont!
Missing character: There is no ] (U+005D) in font nullfont!
Missing character: There is no ( (U+0028) in font nullfont!
Missing character: There is no s (U+0073) in font nullfont!
Missing character: There is no t (U+0074) in font nullfont!
Missing character: There is no e (U+0065) in font nullfont!
Missing character: There is no p (U+0070) in font nullfont!
Missing character: There is no 6 (U+0036) in font nullfont!
Missing character: There is no ) (U+0029) in font nullfont!
Missing character: There is no - (U+002D) in font nullfont!
Missing character: There is no - (U+002D) in font nullfont!
Missing character: There is no ( (U+0028) in font nullfont!
Missing character: There is no e (U+0065) in font nullfont!
Missing character: There is no n (U+006E) in font nullfont!
Missing character: There is no d (U+0064) in font nullfont!
Missing character: There is no ) (U+0029) in font nullfont!
Missing character: There is no ; (U+003B) in font nullfont!
Missing character: There is no [ (U+005B) in font nullfont!
Missing character: There is no a (U+0061) in font nullfont!
Missing character: There is no r (U+0072) in font nullfont!
Missing character: There is no r (U+0072) in font nullfont!
Missing character: There is no o (U+006F) in font nullfont!
Missing character: There is no w (U+0077) in font nullfont!
Missing character: There is no ] (U+005D) in font nullfont!
Missing character: There is no ( (U+0028) in font nullfont!
Missing character: There is no s (U+0073) in font nullfont!
Missing character: There is no t (U+0074) in font nullfont!
Missing character: There is no a (U+0061) in font nullfont!
Missing character: There is no r (U+0072) in font nullfont!
Missing character: There is no t (U+0074) in font nullfont!
Missing character: There is no ) (U+0029) in font nullfont!
Missing character: There is no - (U+002D) in font nullfont!
Missing character: There is no - (U+002D) in font nullfont!
Missing character: There is no ( (U+0028) in font nullfont!
Missing character: There is no s (U+0073) in font nullfont!
Missing character: There is no t (U+0074) in font nullfont!
Missing character: There is no e (U+0065) in font nullfont!
Missing character: There is no p (U+0070) in font nullfont!
Missing character: There is no 1 (U+0031) in font nullfont!
Missing character: There is no ) (U+0029) in font nullfont!
Missing character: There is no ; (U+003B) in font nullfont!
Missing character: There is no [ (U+005B) in font nullfont!
Missing character: There is no a (U+0061) in font nullfont!
Missing character: There is no r (U+0072) in font nullfont!
Missing character: There is no r (U+0072) in font nullfont!
Missing character: There is no o (U+006F) in font nullfont!
Missing character: There is no w (U+0077) in font nullfont!
Missing character: There is no ] (U+005D) in font nullfont!
Missing character: There is no ( (U+0028) in font nullfont!
Missing character: There is no s (U+0073) in font nullfont!
Missing character: There is no t (U+0074) in font nullfont!
Missing character: There is no e (U+0065) in font nullfont!
Missing character: There is no p (U+0070) in font nullfont!
Missing character: There is no 1 (U+0031) in font nullfont!
Missing character: There is no ) (U+0029) in font nullfont!
Missing character: There is no - (U+002D) in font nullfont!
Missing character: There is no - (U+002D) in font nullfont!
Missing character: There is no ( (U+0028) in font nullfont!
Missing character: There is no s (U+0073) in font nullfont!
Missing character: There is no t (U+0074) in font nullfont!
Missing character: There is no e (U+0065) in font nullfont!
Missing character: There is no p (U+0070) in font nullfont!
Missing character: There is no 2 (U+0032) in font nullfont!
Missing character: There is no ) (U+0029) in font nullfont!
Missing character: There is no ; (U+003B) in font nullfont!
Missing character: There is no [ (U+005B) in font nullfont!
Missing character: There is no a (U+0061) in font nullfont!
Missing character: There is no r (U+0072) in font nullfont!
Missing character: There is no r (U+0072) in font nullfont!
Missing character: There is no o (U+006F) in font nullfont!
Missing character: There is no w (U+0077) in font nullfont!
Missing character: There is no ] (U+005D) in font nullfont!
Missing character: There is no ( (U+0028) in font nullfont!
Missing character: There is no s (U+0073) in font nullfont!
Missing character: There is no t (U+0074) in font nullfont!
Missing character: There is no e (U+0065) in font nullfont!
Missing character: There is no p (U+0070) in font nullfont!
Missing character: There is no 2 (U+0032) in font nullfont!
Missing character: There is no ) (U+0029) in font nullfont!
Missing character: There is no - (U+002D) in font nullfont!
Missing character: There is no - (U+002D) in font nullfont!
Missing character: There is no ( (U+0028) in font nullfont!
Missing character: There is no s (U+0073) in font nullfont!
Missing character: There is no t (U+0074) in font nullfont!
Missing character: There is no e (U+0065) in font nullfont!
Missing character: There is no p (U+0070) in font nullfont!
Missing character: There is no 3 (U+0033) in font nullfont!
Missing character: There is no ) (U+0029) in font nullfont!
Missing character: There is no ; (U+003B) in font nullfont!
Missing character: There is no [ (U+005B) in font nullfont!
Missing character: There is no a (U+0061) in font nullfont!
Missing character: There is no r (U+0072) in font nullfont!
Missing character: There is no r (U+0072) in font nullfont!
Missing character: There is no o (U+006F) in font nullfont!
Missing character: There is no w (U+0077) in font nullfont!
Missing character: There is no ] (U+005D) in font nullfont!
Missing character: There is no ( (U+0028) in font nullfont!
Missing character: There is no s (U+0073) in font nullfont!
Missing character: There is no t (U+0074) in font nullfont!
Missing character: There is no e (U+0065) in font nullfont!
Missing character: There is no p (U+0070) in font nullfont!
Missing character: There is no 3 (U+0033) in font nullfont!
Missing character: There is no ) (U+0029) in font nullfont!
Missing character: There is no - (U+002D) in font nullfont!
Missing character: There is no - (U+002D) in font nullfont!
Missing character: There is no ( (U+0028) in font nullfont!
Missing character: There is no d (U+0064) in font nullfont!
Missing character: There is no e (U+0065) in font nullfont!
Missing character: There is no c (U+0063) in font nullfont!
Missing character: There is no 1 (U+0031) in font nullfont!
Missing character: There is no ) (U+0029) in font nullfont!
Missing character: There is no ; (U+003B) in font nullfont!
Missing character: There is no [ (U+005B) in font nullfont!
Missing character: There is no a (U+0061) in font nullfont!
Missing character: There is no r (U+0072) in font nullfont!
Missing character: There is no r (U+0072) in font nullfont!
Missing character: There is no o (U+006F) in font nullfont!
Missing character: There is no w (U+0077) in font nullfont!
Missing character: There is no ] (U+005D) in font nullfont!
Missing character: There is no ( (U+0028) in font nullfont!
Missing character: There is no d (U+0064) in font nullfont!
Missing character: There is no e (U+0065) in font nullfont!
Missing character: There is no c (U+0063) in font nullfont!
Missing character: There is no 1 (U+0031) in font nullfont!
Missing character: There is no ) (U+0029) in font nullfont!
Missing character: There is no - (U+002D) in font nullfont!
Missing character: There is no - (U+002D) in font nullfont!
Missing character: There is no n (U+006E) in font nullfont!
Missing character: There is no o (U+006F) in font nullfont!
Missing character: There is no d (U+0064) in font nullfont!
Missing character: There is no e (U+0065) in font nullfont!
Missing character: There is no [ (U+005B) in font nullfont!
Missing character: There is no r (U+0072) in font nullfont!
Missing character: There is no i (U+0069) in font nullfont!
Missing character: There is no g (U+0067) in font nullfont!
Missing character: There is no h (U+0068) in font nullfont!
Missing character: There is no t (U+0074) in font nullfont!
Missing character: There is no , (U+002C) in font nullfont!
Missing character: There is no f (U+0066) in font nullfont!
Missing character: There is no o (U+006F) in font nullfont!
Missing character: There is no n (U+006E) in font nullfont!
Missing character: There is no t (U+0074) in font nullfont!
Missing character: There is no = (U+003D) in font nullfont!
Missing character: There is no ] (U+005D) in font nullfont!
Missing character: There is no C (U+0043) in font nullfont!
Missing character: There is no ó (U+00F3) in font nullfont!
Missing character: There is no ( (U+0028) in font nullfont!
Missing character: There is no s (U+0073) in font nullfont!
Missing character: There is no t (U+0074) in font nullfont!
Missing character: There is no e (U+0065) in font nullfont!
Missing character: There is no p (U+0070) in font nullfont!
Missing character: There is no 4 (U+0034) in font nullfont!
Missing character: There is no ) (U+0029) in font nullfont!
Missing character: There is no ; (U+003B) in font nullfont!
Missing character: There is no [ (U+005B) in font nullfont!
Missing character: There is no a (U+0061) in font nullfont!
Missing character: There is no r (U+0072) in font nullfont!
Missing character: There is no r (U+0072) in font nullfont!
Missing character: There is no o (U+006F) in font nullfont!
Missing character: There is no w (U+0077) in font nullfont!
Missing character: There is no ] (U+005D) in font nullfont!
Missing character: There is no ( (U+0028) in font nullfont!
Missing character: There is no d (U+0064) in font nullfont!
Missing character: There is no e (U+0065) in font nullfont!
Missing character: There is no c (U+0063) in font nullfont!
Missing character: There is no 1 (U+0031) in font nullfont!
Missing character: There is no ) (U+0029) in font nullfont!
Missing character: There is no - (U+002D) in font nullfont!
Missing character: There is no - (U+002D) in font nullfont!
Missing character: There is no n (U+006E) in font nullfont!
Missing character: There is no o (U+006F) in font nullfont!
Missing character: There is no d (U+0064) in font nullfont!
Missing character: There is no e (U+0065) in font nullfont!
Missing character: There is no [ (U+005B) in font nullfont!
Missing character: There is no a (U+0061) in font nullfont!
Missing character: There is no b (U+0062) in font nullfont!
Missing character: There is no o (U+006F) in font nullfont!
Missing character: There is no v (U+0076) in font nullfont!
Missing character: There is no e (U+0065) in font nullfont!
Missing character: There is no , (U+002C) in font nullfont!
Missing character: There is no f (U+0066) in font nullfont!
Missing character: There is no o (U+006F) in font nullfont!
Missing character: There is no n (U+006E) in font nullfont!
Missing character: There is no t (U+0074) in font nullfont!
Missing character: There is no = (U+003D) in font nullfont!
Missing character: There is no ] (U+005D) in font nullfont!
Missing character: There is no K (U+004B) in font nullfont!
Missing character: There is no h (U+0068) in font nullfont!
Missing character: There is no ô (U+00F4) in font nullfont!
Missing character: There is no n (U+006E) in font nullfont!
Missing character: There is no g (U+0067) in font nullfont!
Missing character: There is no ( (U+0028) in font nullfont!
Missing character: There is no e (U+0065) in font nullfont!
Missing character: There is no r (U+0072) in font nullfont!
Missing character: There is no r (U+0072) in font nullfont!
Missing character: There is no 1 (U+0031) in font nullfont!
Missing character: There is no ) (U+0029) in font nullfont!
Missing character: There is no ; (U+003B) in font nullfont!
Missing character: There is no [ (U+005B) in font nullfont!
Missing character: There is no a (U+0061) in font nullfont!
Missing character: There is no r (U+0072) in font nullfont!
Missing character: There is no r (U+0072) in font nullfont!
Missing character: There is no o (U+006F) in font nullfont!
Missing character: There is no w (U+0077) in font nullfont!
Missing character: There is no ] (U+005D) in font nullfont!
Missing character: There is no ( (U+0028) in font nullfont!
Missing character: There is no e (U+0065) in font nullfont!
Missing character: There is no r (U+0072) in font nullfont!
Missing character: There is no r (U+0072) in font nullfont!
Missing character: There is no 1 (U+0031) in font nullfont!
Missing character: There is no ) (U+0029) in font nullfont!
Missing character: There is no | (U+007C) in font nullfont!
Missing character: There is no - (U+002D) in font nullfont!
Missing character: There is no ( (U+0028) in font nullfont!
Missing character: There is no s (U+0073) in font nullfont!
Missing character: There is no t (U+0074) in font nullfont!
Missing character: There is no e (U+0065) in font nullfont!
Missing character: There is no p (U+0070) in font nullfont!
Missing character: There is no 2 (U+0032) in font nullfont!
Missing character: There is no ) (U+0029) in font nullfont!
Missing character: There is no ; (U+003B) in font nullfont!
Missing character: There is no [ (U+005B) in font nullfont!
Missing character: There is no a (U+0061) in font nullfont!
Missing character: There is no r (U+0072) in font nullfont!
Missing character: There is no r (U+0072) in font nullfont!
Missing character: There is no o (U+006F) in font nullfont!
Missing character: There is no w (U+0077) in font nullfont!
Missing character: There is no ] (U+005D) in font nullfont!
Missing character: There is no ( (U+0028) in font nullfont!
Missing character: There is no s (U+0073) in font nullfont!
Missing character: There is no t (U+0074) in font nullfont!
Missing character: There is no e (U+0065) in font nullfont!
Missing character: There is no p (U+0070) in font nullfont!
Missing character: There is no 4 (U+0034) in font nullfont!
Missing character: There is no ) (U+0029) in font nullfont!
Missing character: There is no - (U+002D) in font nullfont!
Missing character: There is no - (U+002D) in font nullfont!
Missing character: There is no ( (U+0028) in font nullfont!
Missing character: There is no d (U+0064) in font nullfont!
Missing character: There is no e (U+0065) in font nullfont!
Missing character: There is no c (U+0063) in font nullfont!
Missing character: There is no 2 (U+0032) in font nullfont!
Missing character: There is no ) (U+0029) in font nullfont!
Missing character: There is no ; (U+003B) in font nullfont!
Missing character: There is no [ (U+005B) in font nullfont!
Missing character: There is no a (U+0061) in font nullfont!
Missing character: There is no r (U+0072) in font nullfont!
Missing character: There is no r (U+0072) in font nullfont!
Missing character: There is no o (U+006F) in font nullfont!
Missing character: There is no w (U+0077) in font nullfont!
Missing character: There is no ] (U+005D) in font nullfont!
Missing character: There is no ( (U+0028) in font nullfont!
Missing character: There is no d (U+0064) in font nullfont!
Missing character: There is no e (U+0065) in font nullfont!
Missing character: There is no c (U+0063) in font nullfont!
Missing character: There is no 2 (U+0032) in font nullfont!
Missing character: There is no ) (U+0029) in font nullfont!
Missing character: There is no - (U+002D) in font nullfont!
Missing character: There is no - (U+002D) in font nullfont!
Missing character: There is no n (U+006E) in font nullfont!
Missing character: There is no o (U+006F) in font nullfont!
Missing character: There is no d (U+0064) in font nullfont!
Missing character: There is no e (U+0065) in font nullfont!
Missing character: There is no [ (U+005B) in font nullfont!
Missing character: There is no r (U+0072) in font nullfont!
Missing character: There is no i (U+0069) in font nullfont!
Missing character: There is no g (U+0067) in font nullfont!
Missing character: There is no h (U+0068) in font nullfont!
Missing character: There is no t (U+0074) in font nullfont!
Missing character: There is no , (U+002C) in font nullfont!
Missing character: There is no f (U+0066) in font nullfont!
Missing character: There is no o (U+006F) in font nullfont!
Missing character: There is no n (U+006E) in font nullfont!
Missing character: There is no t (U+0074) in font nullfont!
Missing character: There is no = (U+003D) in font nullfont!
Missing character: There is no ] (U+005D) in font nullfont!
Missing character: There is no C (U+0043) in font nullfont!
Missing character: There is no ó (U+00F3) in font nullfont!
Missing character: There is no ( (U+0028) in font nullfont!
Missing character: There is no s (U+0073) in font nullfont!
Missing character: There is no t (U+0074) in font nullfont!
Missing character: There is no e (U+0065) in font nullfont!
Missing character: There is no p (U+0070) in font nullfont!
Missing character: There is no 5 (U+0035) in font nullfont!
Missing character: There is no ) (U+0029) in font nullfont!
Missing character: There is no ; (U+003B) in font nullfont!
Missing character: There is no [ (U+005B) in font nullfont!
Missing character: There is no a (U+0061) in font nullfont!
Missing character: There is no r (U+0072) in font nullfont!
Missing character: There is no r (U+0072) in font nullfont!
Missing character: There is no o (U+006F) in font nullfont!
Missing character: There is no w (U+0077) in font nullfont!
Missing character: There is no ] (U+005D) in font nullfont!
Missing character: There is no ( (U+0028) in font nullfont!
Missing character: There is no d (U+0064) in font nullfont!
Missing character: There is no e (U+0065) in font nullfont!
Missing character: There is no c (U+0063) in font nullfont!
Missing character: There is no 2 (U+0032) in font nullfont!
Missing character: There is no ) (U+0029) in font nullfont!
Missing character: There is no - (U+002D) in font nullfont!
Missing character: There is no - (U+002D) in font nullfont!
Missing character: There is no n (U+006E) in font nullfont!
Missing character: There is no o (U+006F) in font nullfont!
Missing character: There is no d (U+0064) in font nullfont!
Missing character: There is no e (U+0065) in font nullfont!
Missing character: There is no [ (U+005B) in font nullfont!
Missing character: There is no a (U+0061) in font nullfont!
Missing character: There is no b (U+0062) in font nullfont!
Missing character: There is no o (U+006F) in font nullfont!
Missing character: There is no v (U+0076) in font nullfont!
Missing character: There is no e (U+0065) in font nullfont!
Missing character: There is no , (U+002C) in font nullfont!
Missing character: There is no f (U+0066) in font nullfont!
Missing character: There is no o (U+006F) in font nullfont!
Missing character: There is no n (U+006E) in font nullfont!
Missing character: There is no t (U+0074) in font nullfont!
Missing character: There is no = (U+003D) in font nullfont!
Missing character: There is no ] (U+005D) in font nullfont!
Missing character: There is no K (U+004B) in font nullfont!
Missing character: There is no h (U+0068) in font nullfont!
Missing character: There is no ô (U+00F4) in font nullfont!
Missing character: There is no n (U+006E) in font nullfont!
Missing character: There is no g (U+0067) in font nullfont!
Missing character: There is no ( (U+0028) in font nullfont!
Missing character: There is no e (U+0065) in font nullfont!
Missing character: There is no r (U+0072) in font nullfont!
Missing character: There is no r (U+0072) in font nullfont!
Missing character: There is no 2 (U+0032) in font nullfont!
Missing character: There is no ) (U+0029) in font nullfont!
Missing character: There is no ; (U+003B) in font nullfont!
Missing character: There is no [ (U+005B) in font nullfont!
Missing character: There is no a (U+0061) in font nullfont!
Missing character: There is no r (U+0072) in font nullfont!
Missing character: There is no r (U+0072) in font nullfont!
Missing character: There is no o (U+006F) in font nullfont!
Missing character: There is no w (U+0077) in font nullfont!
Missing character: There is no ] (U+005D) in font nullfont!
Missing character: There is no ( (U+0028) in font nullfont!
Missing character: There is no e (U+0065) in font nullfont!
Missing character: There is no r (U+0072) in font nullfont!
Missing character: There is no r (U+0072) in font nullfont!
Missing character: There is no 2 (U+0032) in font nullfont!
Missing character: There is no ) (U+0029) in font nullfont!
Missing character: There is no | (U+007C) in font nullfont!
Missing character: There is no - (U+002D) in font nullfont!
Missing character: There is no ( (U+0028) in font nullfont!
Missing character: There is no s (U+0073) in font nullfont!
Missing character: There is no t (U+0074) in font nullfont!
Missing character: There is no e (U+0065) in font nullfont!
Missing character: There is no p (U+0070) in font nullfont!
Missing character: There is no 1 (U+0031) in font nullfont!
Missing character: There is no ) (U+0029) in font nullfont!
Missing character: There is no ; (U+003B) in font nullfont!
Missing character: There is no [ (U+005B) in font nullfont!
Missing character: There is no a (U+0061) in font nullfont!
Missing character: There is no r (U+0072) in font nullfont!
Missing character: There is no r (U+0072) in font nullfont!
Missing character: There is no o (U+006F) in font nullfont!
Missing character: There is no w (U+0077) in font nullfont!
Missing character: There is no ] (U+005D) in font nullfont!
Missing character: There is no ( (U+0028) in font nullfont!
Missing character: There is no s (U+0073) in font nullfont!
Missing character: There is no t (U+0074) in font nullfont!
Missing character: There is no e (U+0065) in font nullfont!
Missing character: There is no p (U+0070) in font nullfont!
Missing character: There is no 5 (U+0035) in font nullfont!
Missing character: There is no ) (U+0029) in font nullfont!
Missing character: There is no - (U+002D) in font nullfont!
Missing character: There is no - (U+002D) in font nullfont!
Missing character: There is no ( (U+0028) in font nullfont!
Missing character: There is no s (U+0073) in font nullfont!
Missing character: There is no t (U+0074) in font nullfont!
Missing character: There is no e (U+0065) in font nullfont!
Missing character: There is no p (U+0070) in font nullfont!
Missing character: There is no 6 (U+0036) in font nullfont!
Missing character: There is no ) (U+0029) in font nullfont!
Missing character: There is no ; (U+003B) in font nullfont!
Missing character: There is no [ (U+005B) in font nullfont!
Missing character: There is no a (U+0061) in font nullfont!
Missing character: There is no r (U+0072) in font nullfont!
Missing character: There is no r (U+0072) in font nullfont!
Missing character: There is no o (U+006F) in font nullfont!
Missing character: There is no w (U+0077) in font nullfont!
Missing character: There is no ] (U+005D) in font nullfont!
Missing character: There is no ( (U+0028) in font nullfont!
Missing character: There is no s (U+0073) in font nullfont!
Missing character: There is no t (U+0074) in font nullfont!
Missing character: There is no e (U+0065) in font nullfont!
Missing character: There is no p (U+0070) in font nullfont!
Missing character: There is no 6 (U+0036) in font nullfont!
Missing character: There is no ) (U+0029) in font nullfont!
Missing character: There is no - (U+002D) in font nullfont!
Missing character: There is no - (U+002D) in font nullfont!
Missing character: There is no ( (U+0028) in font nullfont!
Missing character: There is no e (U+0065) in font nullfont!
Missing character: There is no n (U+006E) in font nullfont!
Missing character: There is no d (U+0064) in font nullfont!
Missing character: There is no ) (U+0029) in font nullfont!
Missing character: There is no ; (U+003B) in font nullfont!

! LaTeX Error: \begin{document} ended by \end{tikzpicture}.

See the LaTeX manual or LaTeX Companion for explanation.
Type  H <return>  for immediate help.
 ...                                              
                                                  
l.44 }
      
Your command was ignored.
Type  I <command> <return>  to replace it with another command,
or  <return>  to continue without it.

! Too many }'s.
\@begin@tempboxa ...begingroup #2\color@endgroup }
                                                  \def \width {\wd \@tempbox...
l.44 }
      
You've closed more groups than you opened.
Such booboos are generally harmless, so keep going.

! Extra \endgroup.
\@imakebox ...bm@#2\endcsname \fi }\@end@tempboxa 
                                                  
l.44 }
      
Things are pretty mixed up, but I think the worst is over.


! LaTeX Error: \caption outside float.

See the LaTeX manual or LaTeX Companion for explanation.
Type  H <return>  for immediate help.
 ...                                              
                                                  
l.45 \caption
             {Sơ đồ hoạt động quy trình nhập kho}
You're in trouble here.  Try typing  <return>  to proceed.
If that doesn't work, type  X <return>  to quit.


! LaTeX Error: Missing \begin{document}.

See the LaTeX manual or LaTeX Companion for explanation.
Type  H <return>  for immediate help.
 ...                                              
                                                  
l.45 \caption{S
               ơ đồ hoạt động quy trình nhập kho}
You're in trouble here.  Try typing  <return>  to proceed.
If that doesn't work, type  X <return>  to quit.


! LaTeX Error: \begin{document} ended by \end{figure}.

See the LaTeX manual or LaTeX Companion for explanation.
Type  H <return>  for immediate help.
 ...                                              
                                                  
l.47 \end{figure}
                 
Your command was ignored.
Type  I <command> <return>  to replace it with another command,
or  <return>  to continue without it.

! Extra \endgroup.
\end  ...end#1\endcsname \@checkend {#1}\endgroup 
                                                  \UseHook {env/#1/after}\if...
l.47 \end{figure}
                 
Things are pretty mixed up, but I think the worst is over.

)
! Emergency stop.
<*> 2.1_activity_nhapkho.tex
                            
*** (job aborted, no legal \end found)



Here is how much of LuaTeX's memory you used:
 28 strings out of 475704
 100000,662416 words of node,token memory allocated 7124 words of node memory still in use:
   17 hlist, 8 local_par, 1 dir, 180 glue, 3 kern, 7 penalty, 744 glyph, 37 attribute, 39 glue_spec, 37 attribute_list, 1 temp, 1 write nodes
   avail lists: 2:7,3:1,4:64,5:8,7:869,10:63,11:2
 22950 multiletter control sequences out of 65536+600000
 15 fonts using 723367 bytes
 23i,2n,27p,201b,102s stack positions out of 10000i,1000n,20000p,200000b,200000s
!  ==> Fatal error occurred, no output PDF file produced!
